__store_latitude,store,total_comp_dma,total_comp_1_mi,total_comp_3_mi,total_comp_5_mi,total_comp_adjacent,total_comp_res_ta,national_comp_1_mi,national_comp_3_mi,national_comp_5_mi,national_comp_adjacent,national_comp_res_ta,regional_comp_3_mi,regional_comp_1_mi,regional_comp_5_mi,regional_comp_adjacent,regional_comp_res_ta,sis_1_mi,sis_dma,sis_5_mi,sis_3_mi,sis_adjacent,sis_ta,__sis_index,__comp_index
30.005984,SK 0000,0,0,0,0,0,0,0,1,1,0,0,0,0,0,0,0,1,57,10,5,1,1,90.8725320909294,0.3760247229425315
30.005858,SK 0002,0,0,0,0,0,0,0,0,1,0,0,0,0,1,0,0,2,57,12,6,1,2,97.58181382820555,0.1944895853763246
29.958406,SK 0003,0,0,0,0,0,0,0,0,0,0,0,0,0,2,0,0,1,57,12,6,1,1,91.97083879890111,0.0014602987473571
30.028187,SK 0004,0,0,0,0,0,0,1,1,1,0,1,0,0,1,0,0,1,57,5,1,1,1,80.84041433080235,7.414679060262291
30.029433,SK 0006,0,0,0,0,0,0,1,1,1,0,1,0,0,0,0,0,1,57,6,3,1,1,71.4086923122244,5.181743382433924
29.892215,SK 0007,0,0,0,0,0,0,0,0,0,0,0,0,0,1,0,0,1,57,10,4,1,1,90.68797854855492,0.0
30.284424,SK 0009,0,0,0,0,0,0,0,0,0,0,0,0,0,0,0,0,1,57,4,4,1,2,93.4703852012734,0.0
30.002352,SK 0010,0,0,0,0,0,0,0,0,1,0,0,1,1,1,0,1,1,57,13,7,0,2,98.52676967571416,2.609276227218713
29.986318,SK 0011,0,0,0,0,0,0,0,0,0,0,0,0,0,0,0,0,1,57,1,1,1,1,72.88746055079146,0.0
29.994912,SK 0014,0,0,0,0,0,0,0,0,1,0,0,0,0,1,0,0,2,57,12,7,1,3,95.51035162573032,0.0
29.946288,SK 0015,0,0,0,0,0,0,0,0,0,0,0,3,0,4,0,0,1,57,17,11,1,1,84.38905742245228,1.3131799919464466
30.179711,SK 0016,0,0,0,0,0,0,0,0,0,0,0,2,0,2,0,2,1,3,1,1,1,1,26.1893955759461,4.58824766811737
29.950211,SK 0020,0,0,0,0,0,0,0,0,0,0,0,0,0,0,0,0,1,57,2,1,1,1,58.43867129683038,0.0014248446444653
30.393305,SK 0022,0,0,0,0,0,0,0,0,1,0,0,0,0,0,0,0,1,57,5,2,1,1,80.34449059804449,0.503852383945355
29.872065,SK 0023,0,0,0,0,0,0,0,0,0,0,0,0,0,3,0,0,1,57,7,2,1,1,87.39510149979944,0.1666328501356566
29.987088,SK 0024,0,0,0,0,0,0,0,0,1,0,1,0,0,2,0,0,1,88,5,2,1,1,84.68088770025687,4.254921359794523
29.921666,SK 0025,0,0,0,0,0,0,0,0,0,0,0,0,0,1,0,0,1,57,13,3,1,1,82.76003409645575,0.0
30.074096,SK 0028,0,0,0,0,0,0,0,0,0,0,0,0,0,0,0,0,1,57,1,1,1,1,11.209870455817988,0.0
29.723323,SK 0030,0,0,0,0,0,0,0,1,3,0,0,5,2,13,0,2,1,88,14,6,1,1,89.96446910280005,6.526123781882505
30.041162,SK 0031,0,0,0,0,0,0,0,0,1,0,0,0,0,0,0,0,1,57,2,1,1,1,70.88218262149783,0.091532716564997
29.593548,SK 0032,0,0,0,0,0,0,0,0,0,0,0,0,0,0,0,0,1,57,3,2,1,1,83.64340340873058,0.0
29.731867,SK 0033,0,0,0,0,0,0,1,1,1,0,1,4,0,8,0,0,1,88,12,5,1,3,92.6129221651024,9.325916674188695
29.735633,SK 0040,0,0,0,0,0,0,0,2,2,0,0,2,0,4,0,0,1,88,5,4,1,1,83.58216946311217,4.903160578459726
25.788139,SK 0042,0,0,0,0,0,0,0,0,0,0,0,4,4,11,0,4,1,44,3,1,1,1,15.29561483048205,4.957392986560102
33.84799,SK 0045,0,0,0,0,0,0,0,1,5,0,0,3,0,7,0,0,1,76,5,1,1,1,72.68738244637865,13.024451798619882
29.909712,SK 0046,0,0,0,0,0,0,0,0,0,0,0,0,0,0,0,0,1,57,1,1,1,1,35.033573615905404,0.0
32.398641,SK 0053,0,0,0,0,0,0,0,0,0,0,0,0,0,1,0,0,0,10,3,1,0,0,83.18075843080638,0.3042844145515218
29.592352,SK 0056,0,0,0,0,0,0,0,3,4,0,1,2,0,2,0,2,1,88,4,1,1,1,79.85884493431627,14.927666609924657
30.672501,SK 0057,0,0,0,0,0,0,0,2,2,0,0,0,0,0,0,0,1,19,5,2,1,1,93.32980715148231,6.720263916317763
28.097047,SK 0058,0,0,0,0,0,0,0,1,3,0,1,2,0,2,0,2,1,32,2,1,1,1,64.11797140704346,13.984450630540737
28.053839,SK 0059,0,0,0,0,0,0,1,1,1,1,1,2,0,2,0,2,1,32,1,1,1,1,29.73626451960684,3.787363484667465
31.325322,SK 0063,0,0,0,0,0,0,0,0,0,0,0,1,1,1,0,1,1,3,2,2,1,1,55.690821924160936,2.748607700982642
30.38626,SK 0068,0,0,0,0,0,0,0,0,1,0,1,1,1,1,0,1,1,19,1,1,1,1,22.69581848824124,6.824674464099863
29.983108,SK 0070,0,0,0,0,0,0,0,1,2,0,0,2,1,2,0,1,1,88,6,2,1,1,90.7044572490342,8.32661298226275
28.596574,SK 0071,0,0,0,0,0,0,2,2,9,0,4,0,0,1,0,1,1,10,1,1,1,1,0.0,28.052732457996488
33.481586,SK 0072,0,0,0,0,0,0,2,4,6,1,2,3,3,3,1,3,1,9,4,3,1,1,87.76330367819297,19.02226762952844
25.69421,SK 0079,0,0,0,0,0,0,0,1,2,0,1,1,0,2,0,1,1,44,5,2,1,1,83.1431376107684,7.653931591030234
30.41824,SK 0083,0,0,0,0,0,0,0,0,0,0,0,0,0,1,0,0,1,24,5,5,1,1,93.06789136944046,0.0
29.77017,SK 0086,0,0,0,0,0,0,0,1,2,0,0,0,0,2,0,0,1,88,4,3,1,1,88.02021559028843,8.829146723395283
29.769648,SK 0091,0,0,0,0,0,0,0,1,2,0,1,1,0,4,0,1,1,88,4,2,1,1,78.32908851688839,9.456427370943011
33.846814,SK 0092,0,0,0,0,0,0,1,4,7,0,1,4,2,10,0,2,0,75,6,1,0,0,79.1330622264878,18.95553870840136
32.337974,SK 0094,0,0,0,0,0,0,1,1,1,1,1,0,0,0,0,0,1,11,2,1,1,1,95.65837121997016,0.9322167654743756
33.797458,SK 0100,0,0,0,0,0,0,1,3,8,0,1,7,0,12,0,1,1,76,9,5,1,1,94.42443397763468,16.72628983343346
32.91002,SK 0101,0,0,0,0,0,0,0,1,3,0,0,4,1,14,0,2,1,89,6,2,1,1,83.50215887753325,11.73805885436251
30.4315,SK 0104,0,0,0,0,0,0,0,0,2,0,0,1,0,1,0,0,1,24,7,3,1,1,89.8097333127225,2.3504531593560385
30.289008,SK 0106,0,0,0,0,0,0,0,0,0,0,0,0,0,0,0,0,1,57,4,3,1,1,76.62908660704325,0.0
29.74449,SK 0109,0,0,0,0,0,0,0,2,3,0,0,10,2,12,0,2,1,88,12,6,1,1,89.3519329324317,8.236213211379033
33.939618,SK 0115,0,0,0,0,0,0,0,3,4,0,3,0,0,0,0,0,1,76,1,1,1,1,0.0,13.577491387202752
29.876809,SK 0116,0,0,0,0,0,0,1,1,2,1,1,0,0,1,0,0,0,87,3,1,0,0,90.65639730491236,0.0457518162701367
30.127144,SK 0120,0,0,0,0,0,0,0,1,2,0,0,1,0,3,0,0,1,88,4,2,1,1,63.07362573318171,3.3579940875598253
29.737242,SK 0124,0,0,0,0,0,0,1,1,2,1,1,2,1,5,1,1,1,88,5,2,1,1,85.03572681715954,1.7263489911743313
33.869782,SK 0133,0,0,0,0,0,0,1,2,2,1,2,0,0,0,0,0,1,76,3,1,1,1,87.62824549010817,5.780796366231511
29.733807,SK 0140,0,0,0,0,0,0,0,1,3,0,0,7,1,14,0,1,1,88,15,8,1,1,79.63898386123364,5.177899002396541
30.646134,SK 0146,0,0,0,0,0,0,0,0,1,0,0,0,0,1,0,0,1,19,2,1,1,1,78.52048610565825,1.1234151566790145
32.706799,SK 0153,0,0,0,0,0,0,1,2,4,1,1,3,0,8,0,1,0,88,4,2,0,0,78.03388634896277,8.89300833255582
30.083967,SK 0155,0,0,0,0,0,0,0,0,0,0,0,0,0,0,0,0,1,88,3,1,1,1,82.14055609024422,0.0
30.316531,SK 0162,0,0,0,0,0,0,0,0,0,0,0,0,0,0,0,0,1,88,2,2,1,1,58.63986948850261,0.0510877425723332
30.613381,SK 0163,0,0,0,0,0,0,0,2,2,0,2,3,0,3,0,2,1,6,2,2,1,1,46.75142467484468,16.0548152252229
29.851197,SK 0169,0,0,0,0,0,0,0,0,1,0,0,0,0,2,0,0,1,88,4,1,1,1,80.33950766088206,3.277330698222856
34.012938,SK 0174,0,0,0,0,0,0,0,1,4,0,1,0,0,0,0,0,0,75,1,1,0,0,93.05017493108208,14.077432241458798
30.449949,SK 0180,0,0,0,0,0,0,0,0,1,0,0,0,0,0,0,0,1,57,4,2,1,1,83.93933410979781,1.1594270581635857
34.10869,SK 0184,0,0,0,0,0,0,0,1,3,0,1,0,0,0,0,0,1,76,2,2,1,1,62.066714770370304,6.151515483765304
30.28796,SK 0193,0,0,0,0,0,0,0,1,2,0,0,14,2,18,0,7,1,18,2,1,1,1,21.336859951652414,14.685302681989816
30.311945,SK 0196,0,0,0,0,0,0,0,1,2,0,1,0,0,0,0,0,1,16,1,1,1,1,0.0,3.961143730199901
29.97704,SK 0217,0,0,0,0,0,0,0,0,1,0,0,0,0,1,0,0,1,57,11,8,1,2,97.09028432078922,0.0
32.938416,SK 0219,0,0,0,0,0,0,0,1,1,0,1,5,2,8,2,5,1,89,4,2,1,1,94.11417418548275,15.923346893222138
32.938616,SK 0226,0,0,0,0,0,0,0,1,1,0,1,4,0,8,0,2,1,89,5,3,1,2,90.98119320554233,14.583424219393816
29.867835,SK 0238,0,0,0,0,0,0,0,0,2,0,3,0,0,1,0,1,1,16,1,1,1,1,0.0,11.347649626460608
38.231671,SK 0241,0,0,0,0,0,0,0,0,0,0,0,0,0,2,0,0,1,4,2,1,1,1,48.2393735395801,0.400176937637693
32.836256,SK 0250,0,0,0,0,0,0,0,2,3,0,1,7,0,17,0,2,1,89,7,4,1,2,90.89796180909364,13.881630363611752
35.098068,SK 0251,0,0,0,0,0,0,0,1,4,0,0,0,0,4,0,0,1,31,5,1,1,1,83.04703270189108,6.313249006919299
33.045792,SK 0252,0,0,0,0,0,0,0,2,4,0,0,3,1,7,1,2,1,89,7,3,1,1,82.88726557008961,7.870444106252846
30.287124,SK 0253,0,0,0,0,0,0,1,3,6,0,2,1,1,5,0,1,1,16,4,2,1,1,78.98280919799987,17.510000544596778
30.481878,SK 0256,0,0,0,0,0,0,1,1,1,0,1,0,0,0,0,0,1,19,2,1,1,1,57.197486006525416,7.918951540400579
38.049923,SK 0258,0,0,0,0,0,0,0,0,2,0,2,0,0,0,0,0,1,1,1,1,1,1,0.0,7.047781601722976
29.738184,SK 0265,0,0,0,0,0,0,0,1,2,0,0,3,0,9,0,1,1,88,11,5,1,2,86.88983434583916,4.667865906832021
38.593708,SK 0268,0,0,0,0,0,0,0,0,1,0,0,0,0,0,0,0,1,38,2,1,1,1,80.03579762392377,1.9781723676390184
29.687921,SK 0269,0,0,0,0,0,0,0,0,1,0,0,2,0,5,0,2,1,88,9,4,1,2,95.38014289059164,3.735600234746767
32.976083,SK 0271,0,0,0,0,0,0,0,0,1,0,1,4,1,6,0,2,1,89,4,2,1,1,89.26228974886877,10.067520801542775
27.937548,SK 0280,0,0,0,0,0,0,0,6,6,0,3,2,1,4,0,1,1,32,3,2,1,1,73.59963882614929,27.623806573117967
33.027456,SK 0281,0,0,0,0,0,0,1,2,3,0,1,3,1,6,1,1,1,89,5,3,1,1,85.40073822099149,9.713183834937144
36.124532,SK 0282,0,0,0,0,0,0,0,2,2,0,1,1,0,6,0,1,1,22,3,1,1,1,91.28978439420597,11.218918066451346
39.541157,SK 0289,0,0,0,0,0,0,0,1,1,0,1,3,1,4,1,2,0,18,2,1,0,0,78.06019051539077,7.280202201660798
35.922739,SK 0291,0,0,0,0,0,0,0,2,4,0,2,0,0,3,0,0,1,6,3,1,1,1,83.25993446748028,17.043952263253342
29.975525,SK 0292,0,0,0,0,0,0,0,0,0,0,0,1,0,3,0,0,1,57,16,8,1,2,89.9983840823714,0.3488950557615556
32.024169,SK 0293,0,0,0,0,0,0,0,0,2,0,2,0,0,0,0,0,1,2,1,1,1,1,0.0,11.242628430400638
30.022031,SK 0296,0,0,0,0,0,0,0,1,1,0,0,0,0,0,0,0,0,56,2,1,0,0,71.68117834510876,1.4380507725466722
30.004239,SK 0300,0,0,0,0,0,0,0,0,0,0,0,1,0,1,0,0,1,57,12,6,1,1,94.57785607649944,0.0879695211405003
38.884556,SK 0302,0,0,0,0,0,0,0,2,4,0,1,0,0,2,0,0,1,16,3,1,1,1,82.79766117888056,10.3506401497318
37.69465,SK 0311,0,0,0,0,0,0,0,0,1,0,1,0,0,0,0,0,1,6,1,1,1,1,40.50093022780642,6.030801593981582
30.16922,SK 0313,0,0,0,0,0,0,2,2,2,0,1,2,1,3,0,2,1,88,2,2,1,1,80.34614201145895,21.73072083664433
33.993902,SK 0324,0,0,0,0,0,0,0,0,3,0,0,1,0,4,0,0,1,76,7,2,1,1,78.10432983277902,5.49791268476643
32.727411,SK 0326,0,0,0,0,0,0,0,2,5,0,1,6,1,8,0,4,1,89,6,3,1,1,86.66315645718765,12.981976151538747
36.136788,SK 0328,0,0,0,0,0,0,0,0,0,0,0,0,0,0,0,0,1,22,1,1,1,1,0.0,0.0
29.193225,SK 0332,0,0,0,0,0,0,0,2,2,0,3,0,0,0,0,0,0,9,0,0,0,0,0.0,13.817466274099417
38.676877,SK 0334,0,0,0,0,0,0,0,0,0,0,0,0,0,0,0,0,1,38,2,2,1,1,65.7367072788242,0.0948932093498131
32.300793,SK 0335,0,0,0,0,0,0,1,1,1,0,1,0,0,1,0,0,1,6,3,3,1,1,92.1207212700938,8.224139582108728
35.31745,SK 0337,0,0,0,0,0,0,1,1,3,0,1,1,0,3,0,0,1,31,4,2,1,1,84.63171608044505,8.998134633477877
30.356069,SK 0343,0,0,0,0,0,0,0,0,1,0,0,0,0,2,0,0,1,24,4,1,1,1,78.09497394345941,0.998128329754394
30.469684,SK 0346,0,0,0,0,0,0,0,0,0,0,0,0,0,0,0,0,1,24,2,2,1,1,79.52638854662875,0.0
35.945421,SK 0353,0,0,0,0,0,0,2,2,2,1,2,2,1,3,0,1,1,22,3,3,1,2,99.51029161096692,13.43354935754563
32.679223,SK 0357,0,0,0,0,0,0,2,3,5,0,3,2,0,4,0,2,1,89,4,1,1,1,86.56634392873418,24.94959726327852
29.889718,SK 0359,0,0,0,0,0,0,0,0,0,0,0,1,0,3,0,0,1,57,13,4,1,1,99.58085437029028,0.3289471070764543
28.002224,SK 0360,0,0,0,0,0,0,0,2,2,0,2,1,0,1,0,1,1,32,1,1,1,1,0.0,11.282833621454929
30.483341,SK 0363,0,0,0,0,0,0,0,0,0,0,0,0,0,1,0,0,0,17,1,0,0,0,84.37116295182874,1.08117476570823
29.944164,SK 0365,0,0,0,0,0,0,0,0,0,0,0,0,0,1,0,0,1,88,1,1,1,1,30.824547450203458,1.006044831794972
33.002768,SK 0386,0,0,0,0,0,0,0,0,2,0,0,1,0,3,0,0,1,89,4,3,1,1,79.60518542032496,1.976150155330217
29.601322,SK 0387,0,0,0,0,0,0,0,1,3,0,1,1,0,3,0,0,1,88,3,2,1,1,80.82248902230818,8.59704744815317
37.741258,SK 0397,0,0,0,0,0,0,0,0,0,0,0,0,0,0,0,0,1,6,2,2,1,1,83.21254964921715,0.0
35.855616,SK 0399,0,0,0,0,0,0,0,0,1,0,0,0,0,1,0,0,1,22,4,1,1,1,75.0361462983425,0.6585762821378963
38.884538,SK 0400,0,0,0,0,0,0,1,2,3,0,3,1,0,2,0,1,1,16,3,2,1,1,90.61191724323776,17.317911727481604
32.579553,SK 0402,0,0,0,0,0,0,0,2,2,0,2,0,0,0,0,0,1,6,2,1,1,1,51.449558601213866,18.66205659084176
33.102492,SK 0404,0,0,0,0,0,0,2,3,4,0,2,4,1,6,0,4,1,89,4,1,1,1,84.65690488455154,24.746496248190272
29.858057,SK 0411,0,0,0,0,0,0,0,0,0,0,0,0,0,0,0,0,1,57,4,1,1,1,73.094713647745,0.0
38.350592,SK 0414,0,0,0,0,0,0,0,0,0,0,0,0,0,0,0,0,1,4,1,1,1,1,0.0,0.0
32.824185,SK 0417,0,0,0,0,0,0,0,1,1,0,0,2,1,2,1,1,1,89,4,3,1,1,91.20074126877104,5.062642534684903
32.539909,SK 0432,0,0,0,0,0,0,1,1,1,0,1,1,0,1,0,1,1,89,1,1,1,1,36.67967190050682,8.817586799466019
35.05058,SK 0433,0,0,0,0,0,0,0,1,2,0,1,0,0,1,0,0,0,14,2,0,0,0,89.00404630926828,7.360587341821402
30.259708,SK 0434,0,0,0,0,0,0,1,3,7,0,4,2,2,3,0,2,1,16,3,1,1,1,77.1231320888678,32.29958731624796
38.864721,SK 0435,0,0,0,0,0,0,0,5,11,0,0,4,0,8,0,0,1,26,6,2,1,1,0.0,9.424472824216616
33.845491,SK 0441,0,0,0,0,0,0,0,1,5,0,0,0,0,3,0,0,1,76,5,2,1,1,85.16885749347725,5.425822094959946
34.233083,SK 0443,0,0,0,0,0,0,0,2,2,0,1,3,0,4,0,0,1,3,3,1,1,1,73.24305608734694,9.416641777403765
35.680838,SK 0448,0,0,0,0,0,0,1,1,1,0,1,0,0,0,0,0,1,1,1,1,1,1,0.0,7.313399584057588
32.545404,SK 0449,0,0,0,0,0,0,1,1,1,0,1,1,0,1,0,0,1,6,3,2,1,1,91.0288948041576,9.904568140813971
39.072194,SK 0452,0,0,0,0,0,0,1,2,2,0,2,2,0,2,0,2,1,9,1,1,1,1,0.0,17.91405654763641
29.679042,SK 0455,0,0,0,0,0,0,0,0,1,0,0,0,0,0,0,0,1,88,3,1,1,1,83.59828152601698,2.149815645161717
35.144921,SK 0463,0,0,0,0,0,0,0,1,1,0,1,2,0,2,0,2,1,31,4,1,1,1,89.81863491627738,6.621873714361267
31.625536,SK 0470,0,0,0,0,0,0,0,0,0,0,0,0,0,0,0,0,1,6,1,1,1,1,0.0,0.0
32.536697,SK 0471,0,0,0,0,0,0,0,0,0,0,0,0,0,0,0,0,1,3,1,1,1,1,0.0,0.0
39.273321,SK 0481,0,0,0,0,0,0,0,2,3,0,1,0,0,0,0,0,1,9,2,1,1,1,77.29882947990124,11.677714890896524
35.02819,SK 0484,0,0,0,0,0,0,0,1,1,0,1,0,0,0,0,0,1,6,1,1,1,1,55.82211390659681,6.675243958404519
30.453826,SK 0485,0,0,0,0,0,0,1,1,1,1,1,0,0,0,0,0,1,57,4,2,1,2,92.86035698215088,0.0
32.442957,SK 0486,0,0,0,0,0,0,0,0,1,0,0,0,0,0,0,0,1,6,2,1,1,1,83.36828586623132,1.262220301132661
35.171642,SK 0488,0,0,0,0,0,0,1,3,3,0,1,2,1,6,0,1,1,31,4,3,1,1,82.66103249486787,12.190144848221642
35.123792,SK 0492,0,0,0,0,0,0,0,0,0,0,0,0,0,0,0,0,1,6,1,1,1,1,63.71344056841907,1.0525969965409814
30.248097,SK 0495,0,0,0,0,0,0,0,0,0,0,0,0,0,0,0,0,1,57,4,3,1,1,86.1150198064198,0.0
40.850589,SK 0497,0,0,0,0,0,0,2,2,2,0,2,1,0,2,0,1,1,8,1,1,1,1,0.0,17.386132005165933
33.48712,SK 0498,0,0,0,0,0,0,1,2,3,1,3,1,0,2,0,1,1,2,1,1,1,1,0.0,11.815338353602476
25.685319,SK 0499,0,0,0,0,0,0,0,2,5,0,2,1,1,2,0,1,1,44,5,3,1,1,90.12707601084468,14.769977447066491
35.807553,SK 0501,0,0,0,0,0,0,0,2,2,0,2,1,1,1,0,1,1,9,1,1,1,1,41.3387908336416,16.793505844999792
29.165042,SK 0502,0,0,0,0,0,0,1,1,1,0,1,1,1,1,0,1,1,10,1,1,1,1,0.0,7.902352457015673
35.942358,SK 0504,0,0,0,0,0,0,0,2,3,0,2,2,2,2,1,2,1,6,3,1,1,1,82.03735642592758,17.67342568631053
30.720575,SK 0505,0,0,0,0,0,0,0,0,0,0,0,0,0,0,0,0,1,88,1,1,1,1,0.0,0.0
32.899263,SK 0507,0,0,0,0,0,0,1,1,1,0,1,2,2,3,0,2,1,89,1,1,1,1,0.0,12.938662427495515
33.698396,SK 0509,0,0,0,0,0,0,1,1,3,1,1,0,0,0,0,0,1,76,3,1,1,1,81.4582427443341,2.278189146857011
26.087009,SK 0510,0,0,0,0,0,0,0,3,4,0,1,2,0,4,0,1,2,44,6,3,1,2,96.1864952149875,14.919658847143468
35.183853,SK 0513,0,0,0,0,0,0,0,1,1,0,1,0,0,0,0,0,1,6,1,1,1,1,0.0,5.669846289393735
29.69423,SK 0518,0,0,0,0,0,0,0,0,0,0,0,0,0,0,0,0,0,56,0,0,0,0,71.11156453367366,0.0
40.680598,SK 0520,0,0,0,0,0,0,0,0,0,0,0,0,0,0,0,0,1,4,1,1,1,1,0.0,0.0
30.021394,SK 0523,0,0,0,0,0,0,0,0,3,0,0,1,0,2,0,0,1,88,7,3,1,1,84.5804643593576,1.238734671658079
31.310104,SK 0525,0,0,0,0,0,0,0,0,0,0,0,0,0,0,0,0,1,6,1,1,1,1,0.0,0.0
32.316667,SK 0529,0,0,0,0,0,0,0,1,1,0,0,0,0,1,0,0,1,6,3,2,1,1,88.71526532314299,2.597461738973073
32.934733,SK 0538,0,0,0,0,0,0,0,1,5,0,1,0,0,0,0,0,0,88,3,1,0,0,85.10916892787279,6.510953424113417
29.650738,SK 0540,0,0,0,0,0,0,0,0,0,0,0,0,0,0,0,0,1,88,4,3,1,1,79.26582861355372,0.0
33.035912,SK 0547,0,0,0,0,0,0,0,3,3,0,1,3,0,3,0,0,1,89,4,4,1,1,88.65100250433557,9.579573354929288
30.648355,SK 0548,0,0,0,0,0,0,0,0,0,0,0,0,0,0,0,0,1,24,1,1,1,1,50.792180628158455,0.0
30.544493,SK 0552,0,0,0,0,0,0,0,0,0,0,0,0,0,0,0,0,1,24,2,1,1,1,79.63280612397607,0.0
30.334978,SK 0553,0,0,0,0,0,0,0,0,0,0,0,0,0,0,0,0,1,24,2,2,1,1,82.92906573558628,0.0
30.159306,SK 0556,0,0,0,0,0,0,1,1,3,0,1,2,1,3,0,2,0,5,2,0,0,0,82.13537908530554,16.585923284510535
30.141503,SK 0557,0,0,0,0,0,0,0,0,0,0,0,0,0,0,0,0,1,6,2,1,1,1,75.64765982345573,1.246211516028749
27.944543,SK 0561,0,0,0,0,0,0,0,3,6,0,3,2,1,4,0,1,1,32,3,2,1,1,69.84894701831955,17.072172290944852
33.577597,SK 0564,0,0,0,0,0,0,0,1,4,0,2,1,0,1,0,1,1,1,1,1,1,1,0.0,19.413585730815537
30.520607,SK 0566,0,0,0,0,0,0,0,0,0,0,0,0,0,0,0,0,1,57,1,1,1,1,0.0,0.0
32.435784,SK 0572,0,0,0,0,0,0,0,0,0,0,0,1,1,1,0,1,1,11,3,3,1,1,93.26540152484014,2.6809189981241865
33.192535,SK 0576,0,0,0,0,0,0,0,0,2,0,0,0,0,0,0,0,1,89,2,1,1,1,53.91721846894139,9.737788592971382
30.211341,SK 0577,0,0,0,0,0,0,1,1,1,1,1,0,0,0,0,0,1,24,3,2,1,1,76.62026998147088,0.0
27.690201,SK 0581,0,0,0,0,0,0,0,1,2,0,0,0,0,1,0,0,1,3,2,2,1,1,62.21770242067906,6.590304701565476
26.133516,SK 0587,0,0,0,0,0,0,0,1,3,0,0,2,1,3,0,1,1,44,5,3,1,1,89.03019730727884,11.062168519610315
32.861642,SK 0592,0,0,0,0,0,0,0,1,3,0,0,1,0,1,0,0,1,89,4,1,1,1,76.50281076454658,5.813429552446491
33.172293,SK 0596,0,0,0,0,0,0,0,0,6,0,0,0,0,1,0,0,1,89,3,1,1,1,81.878043504185,11.159127927148877
27.078656,SK 0604,0,0,0,0,0,0,1,1,1,0,1,0,0,0,0,0,1,32,1,1,1,1,0.0,8.092718977211922
34.74652,SK 0606,0,0,0,0,0,0,0,0,2,0,2,1,0,2,0,2,1,3,2,1,1,1,57.08105472352105,12.40189546830702
34.04196,SK 0608,0,0,0,0,0,0,1,1,4,0,1,1,1,2,0,1,1,76,2,1,1,1,80.65653264481502,18.868215655215455
41.469148,SK 0609,0,0,0,0,0,0,0,1,1,0,1,1,0,2,0,0,1,34,2,1,1,1,79.49561466844112,7.066189459494233
40.112135,SK 0615,0,0,0,0,0,0,0,1,1,0,0,0,0,0,0,0,1,5,2,2,1,1,59.278302563202885,1.5732669176365317
35.134272,SK 0617,0,0,0,0,0,0,1,1,1,0,1,1,1,1,0,1,1,15,4,2,1,1,74.90000571685502,10.381055394570458
38.669008,SK 0625,0,0,0,0,0,0,0,0,0,0,0,0,0,0,0,0,1,38,2,1,1,1,85.57851696320036,0.0
32.001678,SK 0629,0,0,0,0,0,0,0,2,2,0,2,0,0,0,0,0,1,5,3,2,1,1,84.82038768516739,12.33142619888218
25.76048,SK 0630,0,0,0,0,0,0,0,1,2,0,0,1,1,2,1,1,1,44,4,1,1,1,79.6581831468578,4.547661218982286
28.080439,SK 0634,0,0,0,0,0,0,0,1,3,0,1,0,0,2,0,0,1,32,2,1,1,1,77.31201360019912,18.35448086365744
31.322494,SK 0641,0,0,0,0,0,0,0,0,0,0,0,1,0,1,0,0,1,3,2,2,1,1,63.88693702399015,0.3934592191106691
30.393323,SK 0642,0,0,0,0,0,0,0,0,0,0,0,0,0,0,0,0,1,5,3,1,1,1,74.61771646359794,0.0
30.117645,SK 0648,0,0,0,0,0,0,0,0,0,0,0,0,0,0,0,0,1,5,2,2,1,1,60.0453872883128,0.0
40.053804,SK 0655,0,0,0,0,0,0,0,2,2,0,2,4,0,5,0,4,1,12,2,1,1,1,67.34771898377454,12.583533587342393
36.025893,SK 0657,0,0,0,0,0,0,0,0,0,0,0,2,2,2,0,2,1,22,3,2,1,1,79.05208589005403,9.736982539669835
28.802766,SK 0677,0,0,0,0,0,0,0,1,5,0,1,2,0,3,0,1,1,10,1,1,1,1,0.0,15.03576641221543
28.020176,SK 0679,0,0,0,0,0,0,1,1,2,1,1,2,0,2,0,2,1,32,1,1,1,1,0.0,4.134617650680827
33.867163,SK 0681,0,0,0,0,0,0,0,0,0,0,0,0,0,0,0,0,1,76,2,1,1,1,81.11126361927062,0.2078955991089898
33.829896,SK 0683,0,0,0,0,0,0,0,1,1,0,1,0,0,0,0,0,1,76,1,1,1,1,49.42550165004434,5.14731501194701
30.444739,SK 0685,0,0,0,0,0,0,0,1,2,0,1,1,0,3,0,1,1,24,6,3,1,1,90.61897194476992,5.108979130802178
30.19773,SK 0688,0,0,0,0,0,0,1,1,4,0,1,0,0,0,0,0,1,16,2,1,1,1,47.03797280969795,17.64277059149475
39.928668,SK 0699,0,0,0,0,0,0,0,0,0,0,0,1,1,1,0,1,1,12,2,1,1,1,78.92587833710034,2.779787999032381
33.572938,SK 0708,0,0,0,0,0,0,1,1,1,0,1,0,0,0,0,0,1,76,3,1,1,1,85.95664101560982,6.547561800109321
30.67562,SK 0711,0,0,0,0,0,0,1,1,1,0,1,0,0,0,0,0,1,19,3,1,1,1,90.96056180611892,6.714426054339135
38.253051,SK 0716,0,0,0,0,0,0,0,0,0,0,0,2,0,2,0,2,1,4,2,1,1,1,52.94211278073557,7.565423919468885
33.681309,SK 0718,0,0,0,0,0,0,1,1,2,1,1,0,0,0,0,0,1,76,2,1,1,1,48.93198352008952,1.0235698002941176
32.91302,SK 0719,0,0,0,0,0,0,2,2,3,0,2,1,0,1,0,1,1,89,4,1,1,1,71.45420655776162,16.793106802276668
35.442828,SK 0725,0,0,0,0,0,0,0,0,1,0,1,3,1,4,1,4,1,31,2,2,1,1,60.527741470029305,11.170558919016106
32.358635,SK 0731,0,0,0,0,0,0,0,2,2,0,2,0,0,0,0,0,1,1,1,1,1,1,0.0,14.72425809715753
31.276786,SK 0733,0,0,0,0,0,0,1,1,1,0,1,0,0,0,0,0,1,2,1,1,1,1,30.14693612617372,7.047538285258953
30.222402,SK 0738,0,0,0,0,0,0,0,2,2,0,1,5,1,6,0,5,1,18,3,1,1,1,83.54275642607726,18.37310153346134
29.775814,SK 0741,0,0,0,0,0,0,2,2,3,0,2,9,2,14,0,3,2,88,9,6,1,2,96.7126258070271,19.618824882413183
27.298984,SK 0744,0,0,0,0,0,0,0,1,2,0,1,0,0,0,0,0,1,32,3,1,1,1,82.75954762991435,7.531359650471053
30.216401,SK 0745,0,0,0,0,0,0,0,0,1,0,1,1,1,1,0,1,1,2,1,1,0,1,80.64681000705063,10.30966440941185
29.611313,SK 0751,0,0,0,0,0,0,0,1,1,0,1,1,1,2,0,1,1,16,2,1,1,1,82.0894118906903,9.585757549963022
34.068047,SK 0753,0,0,0,0,0,0,1,2,5,0,2,2,2,3,0,2,1,76,3,1,1,1,82.97352862987846,21.163042396679216
34.363132,SK 0758,0,0,0,0,0,0,0,0,0,0,0,0,0,0,0,0,1,15,1,1,1,1,0.0,0.0
25.713628,SK 0759,0,0,0,0,0,0,0,1,4,0,1,1,0,3,0,0,1,44,6,2,1,1,83.84353966255088,4.583933105739228
39.188323,SK 0761,0,0,0,0,0,0,1,2,2,0,1,2,0,3,0,1,1,19,2,1,1,1,54.04099270998017,11.235275467359196
33.880323,SK 0762,0,0,0,0,0,0,0,0,2,0,0,0,0,0,0,0,1,76,3,1,1,1,85.83396569797924,3.047024667596362
32.517492,SK 0768,0,0,0,0,0,0,0,0,0,0,0,1,0,1,0,0,1,3,2,2,1,1,56.69645407737785,0.4717804755497555
32.539453,SK 0770,0,0,0,0,0,0,0,0,0,0,0,0,0,0,0,0,1,6,1,1,1,1,0.0,0.0
31.754013,SK 0772,0,0,0,0,0,0,0,0,0,0,0,0,0,0,0,0,1,6,1,1,1,1,0.0,0.0
32.926492,SK 0774,0,0,0,0,0,0,0,1,2,0,2,0,0,0,0,0,1,5,1,1,1,1,44.04458302957418,13.171225403145488
28.191749,SK 0777,0,0,0,0,0,0,0,1,1,0,1,1,0,1,0,0,1,32,1,1,1,1,30.760380945719938,7.04429999955006
38.967866,SK 0779,0,0,0,0,0,0,0,1,2,0,1,1,0,2,0,1,1,16,3,1,1,1,82.40189962081234,10.484500383953486
34.298646,SK 0791,0,0,0,0,0,0,0,0,0,0,0,0,0,0,0,0,1,76,1,1,1,1,0.0,0.0
32.877627,SK 0792,0,0,0,0,0,0,0,0,0,0,0,2,1,10,0,2,1,89,5,1,1,1,80.7292097853402,5.027440235556621
33.654869,SK 0795,0,0,0,0,0,0,0,0,1,0,0,1,1,6,0,1,1,76,3,1,1,1,77.47848911032246,7.281664724838826
35.173696,SK 0797,0,0,0,0,0,0,0,1,1,0,1,0,0,0,0,0,1,15,2,2,1,1,81.30968681535637,6.885946872889962
30.420696,SK 0800,0,0,0,0,0,0,0,0,2,0,0,1,0,2,0,0,1,24,4,2,1,1,100.0,5.250974291854048
27.938451,SK 0801,0,0,0,0,0,0,1,3,5,0,3,0,0,1,0,0,1,32,1,1,1,1,46.47952297039777,28.53891516139224
35.102627,SK 0808,0,0,0,0,0,0,0,0,3,0,0,3,0,6,0,1,0,30,3,0,0,0,62.83411954054572,3.745572048711607
35.034716,SK 0811,0,0,0,0,0,0,0,2,3,0,1,3,0,3,0,2,1,31,3,2,1,1,79.60224947250666,11.899321007478322
34.081381,SK 0817,0,0,0,0,0,0,0,2,4,0,2,1,1,4,0,2,1,76,2,1,1,1,72.25741662071026,18.68516316982376
26.597644,SK 0821,0,0,0,0,0,0,0,1,3,0,1,1,1,1,0,1,1,6,3,1,1,1,86.5297307762655,9.511809298481325
26.55603,SK 0824,0,0,0,0,0,0,0,1,4,0,3,1,0,1,0,0,1,6,2,1,1,1,79.54718641274705,16.938059269209063
36.040469,SK 0825,0,0,0,0,0,0,0,0,0,0,0,2,0,3,0,0,0,21,1,1,0,0,84.36993924152583,1.034622607352459
36.189645,SK 0826,0,0,0,0,0,0,0,1,1,0,0,2,0,3,0,1,1,22,3,1,1,1,85.92965645239494,7.535009677845169
30.004387,SK 0827,0,0,0,0,0,0,0,0,2,0,1,0,0,2,0,0,0,87,0,0,0,0,75.09707663895234,4.413039829810979
35.048568,SK 0831,0,0,0,0,0,0,0,1,2,0,1,1,0,1,0,1,1,15,2,1,1,1,89.09029948576365,12.955932019902086
28.177768,SK 0837,0,0,0,0,0,0,0,2,2,0,2,2,0,2,0,2,1,32,2,1,1,1,88.15524039116802,17.11462242938858
29.548526,SK 0838,0,0,0,0,0,0,1,1,4,1,1,0,0,2,0,0,1,16,2,1,1,1,69.98012263181803,6.672877427658199
39.325304,SK 0847,0,0,0,0,0,0,1,1,4,0,1,0,0,0,0,0,1,9,2,1,1,1,89.05395269474374,14.365622091590607
35.202756,SK 0848,0,0,0,0,0,0,1,2,3,0,1,6,0,6,0,4,1,31,3,2,1,1,53.77195159696725,18.072328656626517
33.901855,SK 0850,0,0,0,0,0,0,1,2,4,0,2,1,0,5,0,1,1,76,5,1,1,1,34.35808439289374,13.678614784380269
25.701421,SK 0855,0,0,0,0,0,0,0,1,6,0,0,1,0,2,0,0,1,44,8,2,1,1,83.45983679263388,4.443179968634943
33.476773,SK 0858,0,0,0,0,0,0,1,1,1,0,1,1,1,1,0,1,1,76,1,1,1,1,59.52001909708107,10.646106958970702
33.78226,SK 0860,0,0,0,0,0,0,0,3,5,0,0,2,0,10,0,0,0,75,7,4,0,0,82.22664276296959,5.867122809903315
38.74443,SK 0861,0,0,0,0,0,0,0,0,2,0,0,0,0,1,0,0,1,38,4,1,1,1,89.80061430411155,2.905955842006685
30.52032,SK 0863,0,0,0,0,0,0,0,0,0,0,0,0,0,0,0,0,1,19,1,1,1,1,51.923617197161306,2.788624551125098
29.627011,SK 0865,0,0,0,0,0,0,1,1,3,1,1,2,1,2,1,1,1,2,2,1,1,1,38.83824910751838,4.0368182474539385
40.14307,SK 0868,0,0,0,0,0,0,2,2,2,0,2,1,1,2,0,1,1,12,2,2,1,1,61.93593845521816,18.349643416953437
33.979836,SK 0878,0,0,0,0,0,0,0,0,3,0,1,2,2,5,0,2,1,76,3,1,1,1,84.88666037853925,15.231238754203554
25.754667,SK 0880,0,0,0,0,0,0,1,2,5,0,1,1,0,4,0,0,1,44,7,2,1,1,79.49695795928052,10.913373655124868
41.003471,SK 0882,0,0,0,0,0,0,0,0,0,0,0,3,0,4,0,1,1,25,1,1,1,1,0.0,4.169315980208697
27.434102,SK 0889,0,0,0,0,0,0,0,0,2,0,1,0,0,0,0,0,1,32,2,1,1,1,81.80639264368328,10.417196808422156
39.378345,SK 0890,0,0,0,0,0,0,0,0,1,0,0,2,1,3,0,2,1,26,1,1,1,1,0.0,3.844091816700627
29.537737,SK 0891,0,0,0,0,0,0,0,1,2,0,0,1,0,2,0,1,1,88,3,1,1,1,71.56068750301385,10.078657889860835
34.840919,SK 0894,0,0,0,0,0,0,0,2,2,0,2,1,0,3,0,1,1,10,1,1,1,1,40.61935731948598,13.613022223999335
29.972573,SK 0896,0,0,0,0,0,0,0,0,1,0,1,2,1,4,0,2,1,88,4,2,1,1,91.46285924315173,13.83869585731112
41.118825,SK 0898,0,0,0,0,0,0,0,0,0,0,0,0,0,0,0,0,1,4,3,1,1,1,88.96449731003818,0.0
38.547997,SK 0900,0,0,0,0,0,0,1,1,1,0,1,2,2,2,1,2,0,26,0,0,0,0,0.0,10.719294975450824
37.397796,SK 0907,0,0,0,0,0,0,0,1,1,0,1,0,0,2,0,0,0,0,0,0,0,0,0.0,7.037226987943154
30.480705,SK 0909,0,0,0,0,0,0,0,0,0,0,0,0,0,0,0,0,1,24,2,1,1,1,79.03169883167054,0.0
33.397151,SK 0912,0,0,0,0,0,0,1,2,2,0,2,0,0,0,0,0,1,76,1,1,1,1,41.664928990837176,14.1616777823704
33.658413,SK 0913,0,0,0,0,0,0,0,1,1,0,0,5,0,5,0,0,1,76,2,1,1,1,67.3397080104154,7.7698809657702705
32.030252,SK 0922,0,0,0,0,0,0,0,1,2,0,0,0,0,0,0,0,1,5,3,2,1,1,85.51175254410695,2.019277938663558
39.985334,SK 0933,0,0,0,0,0,0,0,0,0,0,0,0,0,2,0,1,1,12,1,1,1,1,65.21795337410657,2.271396687686399
25.685021,SK 0941,0,0,0,0,0,0,0,0,3,0,0,1,1,2,1,1,1,44,3,1,1,1,76.7756890269523,3.529642031234083
25.940757,SK 0943,0,0,0,0,0,0,0,1,2,0,0,1,1,2,0,1,1,44,4,2,1,1,84.94202936747149,0.9290290621486722
27.496022,SK 0944,0,0,0,0,0,0,0,1,1,0,1,0,0,0,0,0,1,32,2,1,1,1,58.62246800413199,6.371570281294951
30.437399,SK 0947,0,0,0,0,0,0,0,0,0,0,0,0,0,0,0,0,1,57,2,1,1,1,78.20560907343278,0.0
30.254638,SK 0949,0,0,0,0,0,0,0,0,0,0,0,0,0,0,0,0,1,5,1,1,1,1,21.164309451342696,0.0
40.495326,SK 0952,0,0,0,0,0,0,0,0,0,0,0,2,0,2,0,2,1,25,1,1,1,1,67.79651877031895,1.7687798954046643
35.917939,SK 0953,0,0,0,0,0,0,0,0,0,0,0,2,0,5,0,2,1,9,2,1,1,1,88.35402941085438,12.214855413018803
31.246332,SK 0959,0,0,0,0,0,0,0,0,0,0,0,0,0,0,0,0,1,11,1,1,1,1,0.0,0.0
25.795296,SK 0962,0,0,0,0,0,0,0,0,0,0,0,6,2,11,0,4,1,44,3,2,1,1,48.48388089261156,7.345554033240472
38.8987,SK 0968,0,0,0,0,0,0,2,6,11,0,5,7,2,8,0,5,3,26,7,6,1,5,98.40678205633168,31.9326587596796
30.321159,SK 0969,0,0,0,0,0,0,0,3,6,0,1,1,0,3,0,0,1,16,3,2,1,1,89.05642096684902,15.008837208304842
33.945261,SK 0970,0,0,0,0,0,0,0,1,1,0,0,0,0,1,0,0,1,76,3,1,1,1,79.27248910432633,3.645800159109633
40.398916,SK 0973,0,0,0,0,0,0,0,0,0,0,0,2,1,5,0,2,1,25,2,1,1,1,79.14995983161592,4.477653963969279
40.748259,SK 0977,0,0,0,0,0,0,2,3,4,0,2,7,2,14,1,7,1,25,1,1,1,1,0.0,30.55871942114
29.5809,SK 0981,0,0,0,0,0,0,0,2,2,0,1,0,0,0,0,0,1,88,2,2,1,1,68.57907413164787,8.762056956888017
34.175394,SK 0986,0,0,0,0,0,0,0,0,1,0,0,0,0,0,0,0,1,76,1,1,1,1,77.48342354333185,8.806467779116923
32.460728,SK 0987,0,0,0,0,0,0,0,0,0,0,0,1,0,1,0,0,1,11,4,2,1,2,80.16135271821342,0.6059998113460109
32.963125,SK 0995,0,0,0,0,0,0,0,0,1,0,0,2,0,6,0,1,1,89,4,1,1,1,90.1109150994058,7.503511549432591
27.785795,SK 1000,0,0,0,0,0,0,1,1,4,0,1,0,0,0,0,0,1,32,2,1,1,1,80.98023397707405,16.7093748259913
32.455139,SK 1009,0,0,0,0,0,0,0,1,1,0,0,0,0,0,0,0,1,6,2,1,1,1,53.164633736423546,5.150453103288653
35.978081,SK 1011,0,0,0,0,0,0,1,1,1,0,1,0,0,0,0,0,1,22,1,1,1,1,0.0,7.69839091257516
34.824891,SK 1014,0,0,0,0,0,0,0,0,1,0,1,0,0,0,0,0,1,10,1,1,1,1,28.555612054467115,5.133795509014805
30.017272,SK 1016,0,0,0,0,0,0,0,0,0,0,0,1,0,2,0,0,1,88,5,2,1,1,86.26982739405679,0.7062875507978164
34.153206,SK 1017,0,0,0,0,0,0,0,1,2,0,1,0,0,1,0,0,1,76,2,1,1,1,83.94313739132959,12.0587475592359
40.132395,SK 1019,0,0,0,0,0,0,0,2,3,0,0,0,0,2,0,0,1,12,2,2,1,1,58.846960092099245,9.580268439179418
37.307808,SK 1020,0,0,0,0,0,0,0,0,0,0,0,3,0,3,0,3,1,3,1,1,1,1,0.0,3.2673909029557198
32.523303,SK 1021,0,0,0,0,0,0,0,0,0,0,0,1,0,1,0,1,1,3,2,2,1,1,59.86772407929391,1.9656515783150352
30.483056,SK 1022,0,0,0,0,0,0,0,0,0,0,0,0,0,0,0,0,1,57,3,2,1,1,96.34360137122889,0.0
33.211029,SK 1023,0,0,0,0,0,0,0,1,1,0,0,2,1,2,1,1,1,9,3,2,1,1,75.82532292253967,2.594243470418641
31.36913,SK 1024,0,0,0,0,0,0,0,0,0,0,0,0,0,0,0,0,1,2,1,1,1,1,44.003171574671335,0.924338989018518
35.41561,SK 1025,0,0,0,0,0,0,0,0,2,0,0,1,1,3,0,1,1,31,3,1,1,1,83.52508784066545,9.174779826612257
33.758246,SK 1029,0,0,0,0,0,0,0,3,7,0,1,8,2,9,0,4,1,76,7,5,1,1,91.4589402092075,18.39566757490978
25.893099,SK 1031,0,0,0,0,0,0,0,1,1,0,1,1,0,5,0,0,1,44,3,2,1,1,67.21903430246083,4.250229168748216
39.840442,SK 1033,0,0,0,0,0,0,0,0,1,0,1,0,0,0,0,0,1,12,1,1,1,1,0.0,7.448196996708591
39.635164,SK 1037,0,0,0,0,0,0,0,1,2,0,2,1,0,1,0,1,1,2,1,1,1,1,0.0,15.520662779287171
40.617133,SK 1038,0,0,0,0,0,0,0,0,0,0,0,3,1,3,1,1,1,25,1,1,1,1,40.52154601817164,2.335470952156847
35.858685,SK 1044,0,0,0,0,0,0,0,1,1,0,1,1,1,1,1,1,1,22,3,2,1,1,93.44832358741913,8.604246499155543
38.575076,SK 1047,0,0,0,0,0,0,0,1,1,0,0,1,0,2,0,0,0,37,2,1,0,0,88.03524628606331,6.3457097373549605
34.087686,SK 1048,0,0,0,0,0,0,1,1,2,0,1,4,0,4,0,4,1,76,2,2,1,2,86.42791591234976,17.46913033542896
32.904704,SK 1051,0,0,0,0,0,0,0,1,4,0,0,1,0,5,0,0,1,89,5,1,1,1,86.80583036853558,13.465009276144771
38.795306,SK 1053,0,0,0,0,0,0,0,0,0,0,0,0,0,0,0,0,1,3,1,1,1,1,0.0,0.0
40.230542,SK 1054,0,0,0,0,0,0,0,0,0,0,0,3,2,4,1,3,1,18,2,1,1,1,67.17308712703428,2.800202811801757
39.380561,SK 1056,0,0,0,0,0,0,1,2,3,0,2,0,0,0,0,0,1,9,2,1,1,1,85.52017524098402,15.266474372835708
32.330125,SK 1058,0,0,0,0,0,0,0,0,1,0,0,0,0,0,0,0,1,11,2,2,1,1,56.19359291166422,0.234622760936986
25.943332,SK 1062,0,0,0,0,0,0,0,1,1,0,0,3,0,4,0,2,1,44,3,2,1,1,43.99118289420268,4.644206325142801
29.97614,SK 1065,0,0,0,0,0,0,0,0,0,0,0,0,0,0,0,0,1,5,1,1,1,1,0.0,0.0
36.144289,SK 1067,0,0,0,0,0,0,0,2,7,0,2,4,0,9,0,5,1,3,1,1,1,1,0.0,33.77477532489094
30.07709,SK 1069,0,0,0,0,0,0,0,0,0,0,0,0,0,0,0,0,1,5,2,2,1,1,55.13132723419757,0.0
32.356399,SK 1070,0,0,0,0,0,0,0,0,1,0,0,0,0,0,0,0,1,11,4,2,1,1,84.25244126133526,0.0
32.733808,SK 1071,0,0,0,0,0,0,0,1,1,0,0,5,0,7,0,2,1,89,4,3,1,1,86.08502177228634,7.097096700237615
39.975199,SK 1073,0,0,0,0,0,0,1,2,2,0,2,3,1,5,0,3,1,2,2,1,1,1,49.87125979161078,14.72452932952056
29.975748,SK 1075,0,0,0,0,0,0,0,0,1,0,0,1,0,4,0,0,1,57,16,10,1,1,82.26753734128916,1.27826606292253
34.820804,SK 1076,0,0,0,0,0,0,0,2,3,0,2,1,0,1,0,1,1,10,1,1,1,1,77.72264316815861,12.325629602688196
33.631845,SK 1077,0,0,0,0,0,0,1,1,1,1,1,1,0,1,0,1,1,76,1,1,1,1,44.47172017557279,2.6540246295621697
29.991539,SK 1078,0,0,0,0,0,0,1,1,1,0,1,0,0,0,0,0,1,6,1,1,1,1,0.0,5.974462366794872
32.333717,SK 1079,0,0,0,0,0,0,0,0,0,0,0,0,0,0,0,0,1,11,1,1,1,1,52.7281216727438,0.0
30.390339,SK 1080,0,0,0,0,0,0,0,0,0,0,0,0,0,1,0,0,1,24,7,3,1,1,96.41973314436116,0.5428885662305226
29.914909,SK 1082,0,0,0,0,0,0,0,0,0,0,0,1,0,3,0,0,1,57,14,8,1,1,94.57551380247666,0.5964684989055888
25.91261,SK 1084,0,0,0,0,0,0,0,0,1,0,0,1,0,2,0,0,1,44,4,1,1,1,68.84391478943921,0.0972292939419029
25.664461,SK 1085,0,0,0,0,0,0,0,2,3,0,1,0,0,2,0,0,1,44,5,3,1,1,89.36039172058871,10.167004788772
29.942251,SK 1088,0,0,0,0,0,0,0,0,1,0,0,3,0,4,0,1,1,88,3,2,1,1,100.0,4.190934576737053
30.021281,SK 1089,0,0,0,0,0,0,0,1,1,0,0,1,0,1,0,0,1,57,11,2,1,1,72.42382161342513,2.126498789967294
39.772211,SK 1090,0,0,0,0,0,0,1,1,2,0,2,0,0,0,0,0,1,2,1,1,1,1,0.0,12.64060076317722
25.81117,SK 1092,0,0,0,0,0,0,1,4,7,0,4,2,1,2,0,1,1,44,4,3,1,2,86.25568930358523,19.29213981567836
39.973339,SK 1093,0,0,0,0,0,0,0,0,0,0,0,6,2,11,0,4,1,18,2,2,1,1,60.34579918892014,1.4953565836681004
38.535227,SK 1095,0,0,0,0,0,0,0,0,0,0,0,0,0,0,0,0,1,38,3,1,1,1,82.03332460848014,0.0
35.956992,SK 1097,0,0,0,0,0,0,0,2,2,0,1,2,1,3,0,1,1,22,4,2,1,2,99.5895869629854,11.298214529675072
29.468798,SK 1099,0,0,0,0,0,0,0,0,1,0,0,1,0,1,0,0,1,88,2,1,1,1,68.01389069905974,4.537865601534572
32.764604,SK 1101,0,0,0,0,0,0,0,1,2,0,0,0,0,0,0,0,1,89,3,2,1,1,83.90196632235141,2.352882364885397
30.364188,SK 1104,0,0,0,0,0,0,0,0,0,0,0,0,0,0,0,0,1,57,3,2,1,1,80.41593689867632,0.0
30.521096,SK 1105,0,0,0,0,0,0,0,0,0,0,0,0,0,0,0,0,1,24,1,1,1,1,83.63412631779386,0.5802008006748365
40.813066,SK 1106,0,0,0,0,0,0,1,1,1,0,1,0,0,1,0,1,1,1,1,1,1,1,0.0,7.802230322305381
29.962796,SK 1107,0,0,0,0,0,0,0,0,0,0,0,1,0,4,0,0,2,57,20,6,1,2,92.04167309772563,0.2969745271999323
32.560045,SK 1108,0,0,0,0,0,0,1,1,2,1,1,0,0,0,0,0,1,6,2,2,1,1,67.96791539575904,1.0655771083365626
35.090647,SK 1109,0,0,0,0,0,0,0,2,3,0,0,0,0,1,0,0,1,15,4,1,1,1,85.31296074298382,7.630093018549364
36.103191,SK 1110,0,0,0,0,0,0,0,2,2,0,1,1,0,1,0,1,1,2,2,2,1,1,61.536955798879255,12.455302337010467
39.243764,SK 1113,0,0,0,0,0,0,0,0,0,0,0,0,0,0,0,0,1,16,2,2,1,2,76.23263671107455,0.0
32.221442,SK 1114,0,0,0,0,0,0,0,0,1,0,1,0,0,0,0,0,1,11,1,1,1,1,72.35447621559378,6.016792854468202
34.774044,SK 1115,0,0,0,0,0,0,0,0,0,0,0,2,1,2,0,2,1,3,1,1,1,1,0.0,2.344591013613919
30.689209,SK 1117,0,0,0,0,0,0,1,1,1,0,1,0,0,0,0,0,1,19,3,2,1,1,93.3361170599662,7.513460748351404
33.148555,SK 1118,0,0,0,0,0,0,0,3,5,0,0,4,0,8,0,0,1,89,4,2,1,1,85.4357197138341,10.461063575520424
40.509747,SK 1119,0,0,0,0,0,0,0,0,0,0,0,0,0,0,0,0,1,4,2,2,1,1,63.67347148674415,0.0
25.750953,SK 1120,0,0,0,0,0,0,0,1,1,0,0,1,1,6,0,1,1,44,3,1,1,1,0.0,4.598601194426104
32.953395,SK 1122,0,0,0,0,0,0,0,1,1,0,1,5,2,8,0,3,1,89,6,2,1,2,93.13048345470897,14.881018954166482
26.362263,SK 1123,0,0,0,0,0,0,0,1,6,0,1,0,0,7,0,0,1,4,4,1,1,1,78.33459741519086,12.042147298673902
25.7875,SK 1125,0,0,0,0,0,0,0,0,1,0,0,6,0,8,0,0,1,44,4,2,1,1,59.23732643031246,4.18347949407745
26.166982,SK 1127,0,0,0,0,0,0,1,2,5,0,1,2,0,4,0,2,1,44,4,2,1,1,83.74442470374065,14.616079460278543
32.812695,SK 1128,0,0,0,0,0,0,0,1,3,0,0,8,0,14,0,3,1,89,6,5,1,1,75.32399496995255,9.4932354455815
26.369954,SK 1129,0,0,0,0,0,0,1,2,3,0,2,3,2,3,0,3,1,4,3,1,1,1,80.00722938043356,24.3644090153073
29.997288,SK 1133,0,0,0,0,0,0,0,0,0,0,0,0,0,0,0,0,1,88,2,1,1,1,73.59658060010783,0.6984650065369801
34.956674,SK 1134,0,0,0,0,0,0,0,1,1,0,1,0,0,0,0,0,1,15,2,1,1,1,44.503158985900775,7.227922751016663
30.052151,SK 1136,0,0,0,0,0,0,0,0,1,0,0,1,1,3,1,1,1,88,5,3,1,2,92.49951750238492,1.2951009479828786
35.08126,SK 1137,0,0,0,0,0,0,0,0,1,0,0,1,0,3,0,1,1,31,3,2,1,1,89.31617810776437,3.2809699123228704
30.481481,SK 1138,0,0,0,0,0,0,1,1,2,0,2,0,0,0,0,0,1,16,1,1,1,1,0.0,8.475486873020186
26.121485,SK 1139,0,0,0,0,0,0,0,1,5,0,1,0,0,2,0,0,1,44,7,1,1,1,85.13631506285404,6.584632933524039
36.751704,SK 1141,0,0,0,0,0,0,0,0,0,0,0,0,0,0,0,0,1,1,1,1,1,1,0.0,0.0
29.576592,SK 1146,0,0,0,0,0,0,0,0,0,0,0,0,0,0,0,0,1,57,2,1,1,1,70.37735248983181,0.0
40.574616,SK 1148,0,0,0,0,0,0,0,0,0,0,0,3,1,5,1,4,1,25,1,1,1,1,0.0,2.719791520682547
27.390291,SK 1150,0,0,0,0,0,0,0,0,3,0,1,1,0,1,0,1,1,32,3,1,1,1,86.11342854527396,8.608452190975637
30.349341,SK 1152,0,0,0,0,0,0,0,0,0,0,0,0,0,0,0,0,1,24,5,2,1,1,88.06179233407067,0.0
39.209271,SK 1153,0,0,0,0,0,0,0,0,0,0,0,0,0,0,0,0,1,16,2,2,1,1,60.4212696316509,0.0
39.883126,SK 1154,0,0,0,0,0,0,0,0,1,0,0,3,1,3,0,3,1,18,1,1,1,1,39.39262176659805,11.413394808973202
29.803133,SK 1155,0,0,0,0,0,0,0,3,3,0,0,7,1,11,1,2,1,88,9,5,1,1,81.03565010212235,10.667068059684867
30.112626,SK 1156,0,0,0,0,0,0,0,1,2,0,1,0,0,1,0,0,1,88,4,1,1,1,93.94419175623376,3.343304627871207
33.828072,SK 1157,0,0,0,0,0,0,1,4,7,0,1,5,0,11,0,1,1,76,8,3,1,1,87.13250757108538,18.893526821095488
27.892901,SK 1159,0,0,0,0,0,0,0,3,5,0,1,1,0,3,0,1,1,32,3,1,1,1,65.28851587876392,9.31165933432088
30.457597,SK 1160,0,0,0,0,0,0,0,0,0,0,0,0,0,0,0,0,1,5,1,1,1,1,83.73809953510089,0.0
38.794108,SK 1161,0,0,0,0,0,0,0,1,2,0,1,1,0,1,0,1,1,38,3,1,1,1,82.73328894382287,9.626043652798536
32.884411,SK 1163,0,0,0,0,0,0,1,1,1,0,0,2,1,5,0,1,1,89,3,3,1,1,74.63016096935476,5.644238305169655
35.215385,SK 1168,0,0,0,0,0,0,0,0,0,0,0,0,0,0,0,0,1,15,2,1,1,1,75.7552345927485,0.0
29.789303,SK 1169,0,0,0,0,0,0,0,0,4,0,0,0,0,11,0,0,1,88,10,2,1,1,76.80403922805864,5.70747028978272
32.283146,SK 1171,0,0,0,0,0,0,0,0,1,0,0,0,0,0,0,0,1,11,2,1,1,1,77.01075243810925,2.8957549477062865
38.945465,SK 1173,0,0,0,0,0,0,0,2,3,0,2,1,0,3,0,1,1,26,2,1,1,1,68.16169379974896,12.952418188346652
29.664335,SK 1174,0,0,0,0,0,0,0,0,0,0,0,0,0,0,0,0,1,88,4,2,1,1,81.35166595714261,0.0
38.605201,SK 1175,0,0,0,0,0,0,0,0,0,0,0,0,0,0,0,0,1,38,3,1,1,1,84.73138842170495,0.0
35.038982,SK 1176,0,0,0,0,0,0,1,1,1,0,1,3,1,7,0,3,1,31,2,1,1,1,65.89703727159632,15.408751907264188
33.782145,SK 1177,0,0,0,0,0,0,1,4,7,0,2,7,1,12,0,2,2,76,8,6,1,3,89.64167821116267,15.599235654187495
33.15345,SK 1178,0,0,0,0,0,0,0,3,5,0,1,6,1,8,0,3,1,89,4,3,1,1,93.78796777926487,28.109654270171166
41.261944,SK 1179,0,0,0,0,0,0,1,2,2,0,2,0,0,1,0,0,1,5,1,1,1,1,0.0,18.172194428386916
41.235005,SK 1181,0,0,0,0,0,0,0,0,0,0,0,2,0,2,0,2,1,4,1,1,1,1,85.19356911730688,5.635866346161299
32.408592,SK 1183,0,0,0,0,0,0,0,0,0,0,0,0,0,0,0,0,1,1,1,1,1,1,0.0,0.0
33.065851,SK 1186,0,0,0,0,0,0,0,0,3,0,0,0,0,5,0,0,1,89,4,1,1,1,93.77193807693456,7.345568341784559
41.727892,SK 1188,0,0,0,0,0,0,0,0,0,0,0,0,0,1,0,0,1,2,2,1,0,1,98.82268380847336,1.08840995378624
37.685826,SK 1189,0,0,0,0,0,0,0,0,0,0,0,0,0,0,0,0,1,6,1,1,1,1,78.84448780960577,0.0
33.805263,SK 1190,0,0,0,0,0,0,0,0,1,0,0,0,0,3,0,0,0,75,1,0,0,0,82.45757985882264,6.383438836635873
28.127642,SK 1192,0,0,0,0,0,0,0,0,1,0,0,0,0,3,0,0,1,32,2,1,1,1,73.771960524663,3.22829433737254
38.627246,SK 1196,0,0,0,0,0,0,0,2,2,0,0,4,1,4,1,2,0,37,4,2,0,0,93.26305196581605,9.17642866331446
29.780818,SK 1198,0,0,0,0,0,0,0,0,0,0,0,0,0,0,0,0,1,16,1,1,1,1,0.0,0.0
38.791784,SK 1199,0,0,0,0,0,0,0,1,1,0,0,0,0,0,0,0,1,38,5,3,1,1,88.85666656018692,2.3515026169815334
30.448678,SK 1200,0,0,0,0,0,0,2,5,8,0,5,1,1,1,1,1,1,3,2,2,1,1,56.6513903134644,25.322238329454205
30.402703,SK 1201,0,0,0,0,0,0,0,0,0,0,0,0,0,0,0,0,1,5,2,1,1,1,60.31704763324505,0.0
38.819016,SK 1202,0,0,0,0,0,0,0,0,0,0,0,0,0,0,0,0,1,38,1,1,1,1,31.108741376216397,0.0
29.900371,SK 1203,0,0,0,0,0,0,0,2,2,0,0,0,0,3,0,0,1,88,4,2,1,1,82.63416860870396,5.750973381131836
25.769595,SK 1204,0,0,0,0,0,0,0,2,7,0,0,1,1,3,0,1,0,43,5,3,0,0,72.84755108635304,5.327255123488461
32.409342,SK 1206,0,0,0,0,0,0,0,0,0,0,0,0,0,0,0,0,1,6,1,1,1,1,45.91582765386087,0.0
35.789601,SK 1207,0,0,0,0,0,0,0,0,0,0,0,0,0,0,0,0,0,21,2,1,0,0,71.72958665686856,0.2663959978946429
32.13951,SK 1208,0,0,0,0,0,0,1,1,1,0,1,1,1,1,1,1,0,4,0,0,0,0,39.314780379338046,8.092890419904801
38.638673,SK 1210,0,0,0,0,0,0,0,1,2,0,0,1,0,2,0,0,1,38,4,1,1,1,57.275119133501086,3.172198962239221
38.775739,SK 1212,0,0,0,0,0,0,0,0,0,0,0,0,0,0,0,0,1,38,5,2,1,1,75.6990205428246,0.0
34.691206,SK 1213,0,0,0,0,0,0,0,0,0,0,0,1,0,1,0,1,1,10,1,1,1,1,0.0,2.5651419900915764
27.609608,SK 1214,0,0,0,0,0,0,0,0,0,0,0,0,0,0,0,0,1,2,2,2,1,1,52.48872936232108,0.0
36.068315,SK 1215,0,0,0,0,0,0,1,1,1,0,1,1,0,1,0,0,0,1,1,1,0,0,57.26708421457893,10.597566826529118
29.932218,SK 1216,0,0,0,0,0,0,1,1,1,1,1,0,0,0,0,0,1,88,2,1,1,1,63.57616125742822,0.0151225721952942
39.077176,SK 1217,0,0,0,0,0,0,0,0,1,0,0,1,1,2,0,2,1,19,2,1,1,1,67.70446198937555,3.615034084318832
29.884532,SK 1218,0,0,0,0,0,0,0,0,0,0,0,1,1,1,1,1,1,18,2,2,1,2,68.16093574023334,0.0
29.932725,SK 1219,0,0,0,0,0,0,0,1,2,0,1,1,0,2,0,1,1,88,4,2,1,1,91.21208227073872,11.180998014565454
26.189326,SK 1228,0,0,0,0,0,0,0,2,3,0,1,3,0,3,0,0,1,44,4,2,1,1,74.11516976006756,7.359271036875687
30.524919,SK 1229,0,0,0,0,0,0,2,2,3,0,2,4,2,5,0,4,1,18,1,1,1,1,42.98722748120476,27.80460320886533
25.867062,SK 1230,0,0,0,0,0,0,0,1,3,0,1,1,1,1,1,1,1,44,2,1,1,1,39.58095435271136,4.645502034257679
26.100737,SK 1231,0,0,0,0,0,0,1,3,4,0,1,1,0,2,0,0,1,44,4,2,1,2,79.5090568524219,14.273006941485338
32.825604,SK 1234,0,0,0,0,0,0,0,1,2,0,0,1,0,11,0,0,0,88,4,2,0,0,76.26987752727536,5.117165793562475
26.006711,SK 1237,0,0,0,0,0,0,1,3,5,0,1,1,0,2,0,0,1,44,5,2,1,1,85.84149547888585,13.028567828603448
25.796443,SK 1238,0,0,0,0,0,0,1,5,7,0,1,2,0,2,0,0,1,44,4,3,1,2,100.0,27.940569692614044
32.851426,SK 1239,0,0,0,0,0,0,0,2,3,0,1,4,1,14,0,2,1,89,7,4,1,1,88.26571169053167,12.007643961582174
33.85807,SK 1240,0,0,0,0,0,0,0,3,6,0,0,4,0,7,0,0,1,76,7,3,1,1,82.98363740702484,8.653427843520145
39.246684,SK 1242,0,0,0,0,0,0,0,0,0,0,0,0,0,0,0,0,1,16,2,2,1,1,57.85067948622496,0.0
30.726918,SK 1243,0,0,0,0,0,0,0,0,0,0,0,0,0,0,0,0,1,57,1,1,1,1,0.0,0.0
39.015089,SK 1244,0,0,0,0,0,0,0,0,3,0,0,0,0,0,0,0,1,16,3,1,1,1,79.62523786529569,2.957035157389553
41.162413,SK 1245,0,0,0,0,0,0,0,1,1,0,1,0,0,0,0,0,1,4,1,1,1,1,46.38629000691245,5.697943453534082
34.067972,SK 1246,0,0,0,0,0,0,0,2,3,0,1,3,0,5,0,2,1,76,3,2,1,2,89.16549962360772,17.306319674623236
41.275701,SK 1247,0,0,0,0,0,0,0,0,0,0,0,0,0,0,0,0,1,5,1,1,1,1,0.0,2.275137777968669
38.740155,SK 1249,0,0,0,0,0,0,1,1,2,1,1,1,1,2,1,1,1,26,1,1,1,1,57.61788356455847,3.60292460781598
30.560235,SK 1250,0,0,0,0,0,0,0,0,0,0,0,0,0,0,0,0,1,24,2,1,1,1,77.9065834110676,0.0
34.020428,SK 1251,0,0,0,0,0,0,0,1,3,0,1,2,1,3,1,1,1,7,2,1,1,1,52.97629020215516,10.789698421857436
35.637476,SK 1252,0,0,0,0,0,0,1,2,2,0,2,2,0,3,0,2,1,4,2,1,1,1,54.215970373602026,14.069914649064714
35.462625,SK 1254,0,0,0,0,0,0,1,1,2,0,2,0,0,0,0,0,1,4,1,1,1,1,0.0,17.405764109566032
30.419669,SK 1257,0,0,0,0,0,0,0,0,0,0,0,0,0,0,0,0,1,57,4,1,1,1,84.83024675638546,0.6894218024896888
29.446152,SK 1258,0,0,0,0,0,0,0,2,2,0,2,1,0,1,0,1,1,16,2,1,1,1,80.69884734094815,17.965456025082588
29.663604,SK 1259,0,0,0,0,0,0,0,2,2,0,2,0,0,1,0,1,0,87,1,1,0,1,99.17893554577776,12.297489860389126
33.171203,SK 1260,0,0,0,0,0,0,0,2,4,0,2,4,0,6,0,1,1,89,3,2,1,1,83.48816165714248,14.378999997006776
33.175013,SK 1261,0,0,0,0,0,0,0,1,2,0,0,1,1,1,1,1,1,89,3,1,1,1,80.72149659510808,6.29762242381546
36.336016,SK 1262,0,0,0,0,0,0,0,2,3,0,2,0,0,0,0,0,1,4,2,1,1,1,52.73915300112704,17.097292919694777
26.045754,SK 1263,0,0,0,0,0,0,1,1,5,0,1,0,0,4,0,0,1,44,4,2,1,1,97.28038880212708,12.450747739376078
29.693261,SK 1265,0,0,0,0,0,0,0,0,1,0,0,3,0,8,0,0,2,88,10,4,1,2,94.83192323571016,0.9921037067250748
38.916234,SK 1267,0,0,0,0,0,0,0,2,4,0,1,1,1,2,0,1,1,16,3,2,1,1,87.45799259670953,13.877669397033737
38.899522,SK 1269,0,0,0,0,0,0,0,0,1,0,0,1,1,2,0,1,1,26,3,1,1,1,83.69668198527762,0.8920063669825191
38.674762,SK 1273,0,0,0,0,0,0,0,3,4,0,2,1,0,2,0,1,1,26,1,1,1,1,21.06824994808164,19.910900565237267
40.365163,SK 1274,0,0,0,0,0,0,1,1,1,0,1,2,1,3,0,2,1,3,1,1,1,1,0.0,9.941697920112444
32.82309,SK 1275,0,0,0,0,0,0,0,0,0,0,0,2,0,4,0,0,1,89,4,1,1,1,78.97224987593131,1.515225598533048
29.557883,SK 1276,0,0,0,0,0,0,1,2,2,1,1,0,0,0,0,0,1,88,2,2,1,1,54.764579504787896,3.630297767263008
28.145331,SK 1277,0,0,0,0,0,0,0,1,2,0,1,0,0,1,0,0,1,10,1,1,1,1,0.0,10.456864755804986
33.143872,SK 1280,0,0,0,0,0,0,0,0,0,0,0,0,0,1,0,0,1,89,2,1,1,1,78.74233443099219,2.506475908943958
38.762949,SK 1285,0,0,0,0,0,0,0,0,1,0,0,0,0,1,0,0,1,38,1,1,1,1,66.48371614239748,2.133533133599109
32.921292,SK 1287,0,0,0,0,0,0,0,1,1,0,0,2,0,5,0,1,1,89,4,3,1,2,95.03558512106636,8.364465994366897
30.056282,SK 1288,0,0,0,0,0,0,0,0,2,0,0,0,0,2,0,0,1,88,6,2,1,2,57.28779099318898,0.0771951219181789
31.551782,SK 1289,0,0,0,0,0,0,1,1,2,0,2,0,0,0,0,0,1,6,1,1,1,1,0.0,12.664137115279091
32.278512,SK 1291,0,0,0,0,0,0,0,1,1,0,0,1,0,1,0,1,1,6,3,2,1,1,86.15298747141281,6.317113934300291
27.892305,SK 1293,0,0,0,0,0,0,1,2,3,1,2,2,1,3,1,3,1,32,1,1,1,1,42.99398276603981,9.227423459710655
35.343219,SK 1296,0,0,0,0,0,0,0,2,3,0,1,1,1,4,0,1,1,31,4,4,1,1,89.65236254461007,8.92775072716032
33.011771,SK 1299,0,0,0,0,0,0,1,2,3,0,3,1,1,2,0,1,1,89,2,1,1,1,73.15530933727652,22.05360020334973
32.752887,SK 1300,0,0,0,0,0,0,1,1,2,0,1,1,0,6,0,0,1,89,5,2,1,1,95.09044842366914,13.577022811733212
39.022614,SK 1301,0,0,0,0,0,0,0,1,3,0,1,0,0,2,0,0,0,15,2,0,0,0,81.73349338302148,10.065437244004857
34.959019,SK 1302,0,0,0,0,0,0,0,0,0,0,0,1,0,2,0,1,1,31,1,1,1,1,35.990020653612554,4.23739813678119
34.021192,SK 1303,0,0,0,0,0,0,0,1,2,0,1,1,1,4,0,1,1,76,5,2,1,1,81.17906971827362,11.306004479736025
30.516642,SK 1304,0,0,0,0,0,0,0,1,1,0,1,0,0,0,0,0,0,18,0,0,0,0,8.640948092380992,4.457050111709882
39.927727,SK 1305,0,0,0,0,0,0,0,1,1,0,0,2,0,3,0,0,1,9,2,2,1,1,88.3660938551207,2.824656959463777
35.333713,SK 1307,0,0,0,0,0,0,0,0,2,0,0,1,0,2,0,0,1,31,4,2,1,1,89.81938948802815,3.1004082408605798
33.999146,SK 1309,0,0,0,0,0,0,0,1,3,0,0,0,0,1,0,0,1,76,3,2,1,1,93.0896115734809,3.373994960086089
29.770696,SK 1310,0,0,0,0,0,0,2,2,4,0,2,9,3,14,0,4,2,88,12,6,1,2,97.6247523373931,22.171134730256345
38.590436,SK 1311,0,0,0,0,0,0,0,0,0,0,0,0,0,0,0,0,0,37,2,0,0,0,81.41241280087893,0.0
33.883117,SK 1312,0,0,0,0,0,0,0,0,3,0,0,0,0,3,0,0,1,76,4,1,1,1,78.6602808378652,4.353303821855619
31.074787,SK 1314,0,0,0,0,0,0,1,1,1,0,1,0,0,0,0,0,1,6,2,1,1,1,51.750030444771966,8.710095420805882
26.27165,SK 1316,0,0,0,0,0,0,0,2,3,0,2,0,0,1,0,0,1,6,1,1,1,1,0.0,17.296963843239286
33.48857,SK 1318,0,0,0,0,0,0,0,3,3,0,3,4,0,10,0,4,1,6,1,1,1,1,0.0,28.53652650851116
36.961059,SK 1319,0,0,0,0,0,0,0,1,1,0,0,2,1,2,0,1,1,2,2,2,1,1,58.08063915932048,4.643965503913695
34.259769,SK 1320,0,0,0,0,0,0,1,1,1,0,1,2,1,2,0,2,1,76,1,1,1,1,0.0,13.005549419844533
36.21538,SK 1322,0,0,0,0,0,0,0,1,1,0,1,0,0,0,0,0,1,22,2,1,1,1,71.42547234655126,8.525944817087902
38.505895,SK 1326,0,0,0,0,0,0,0,0,1,0,0,0,0,0,0,0,1,38,2,1,1,1,82.39402696627069,0.0762123321090559
30.109051,SK 1327,0,0,0,0,0,0,0,0,0,0,0,1,1,2,0,1,1,88,4,1,1,1,80.3942419655056,2.843221839890908
30.228146,SK 1328,0,0,0,0,0,0,0,0,0,0,0,0,0,0,0,0,1,3,1,1,1,1,33.96862053758752,0.1543850491111066
30.466512,SK 1332,0,0,0,0,0,0,1,1,1,0,1,0,0,0,0,0,1,18,3,2,1,1,92.30847960705384,7.239153677287396
30.640709,SK 1333,0,0,0,0,0,0,0,0,3,0,0,0,0,0,0,0,1,19,3,2,1,1,87.75523846397247,5.013054384171127
30.273303,SK 1334,0,0,0,0,0,0,0,1,1,0,0,7,0,17,0,2,1,18,3,1,1,1,60.18103731769169,7.306902385626888
29.796248,SK 1337,0,0,0,0,0,0,1,1,1,0,1,0,0,0,0,0,1,88,1,1,1,1,40.47196361959072,8.453622814215683
31.255012,SK 1338,0,0,0,0,0,0,0,1,1,0,1,0,0,0,0,0,1,2,2,2,1,1,66.17000729387661,12.708648420210938
29.564095,SK 1339,0,0,0,0,0,0,1,2,4,0,1,0,0,2,0,0,1,88,3,2,1,1,92.43628256681492,10.599002594844537
33.37999,SK 1340,0,0,0,0,0,0,0,2,5,0,2,4,3,7,2,4,1,6,1,1,1,1,36.79180731541421,26.25626094576841
29.503294,SK 1341,0,0,0,0,0,0,1,1,2,0,1,0,0,0,0,0,1,16,2,2,1,1,54.46708284684792,6.81339213086522
40.775052,SK 1342,0,0,0,0,0,0,0,0,0,0,0,0,0,0,0,0,1,4,1,1,1,1,48.999823601563165,0.0
34.040914,SK 1345,0,0,0,0,0,0,1,2,5,1,2,2,0,4,0,1,1,76,3,1,1,1,86.04227353058282,8.068597794127134
40.10457,SK 1346,0,0,0,0,0,0,0,1,1,0,1,0,0,1,0,0,1,12,1,1,1,1,25.50778310068164,7.195254275570668
32.810367,SK 1347,0,0,0,0,0,0,0,0,0,0,0,2,2,2,2,2,1,89,1,1,1,1,40.15771400183748,0.0592264580942041
37.547831,SK 1350,0,0,0,0,0,0,0,0,0,0,0,0,0,0,0,0,1,6,1,1,1,1,29.414147607016893,0.0
29.6166,SK 1351,0,0,0,0,0,0,1,3,3,0,2,2,0,2,0,1,1,16,2,1,1,1,40.53398442337544,15.056702298506693
32.86281,SK 1352,0,0,0,0,0,0,0,2,3,0,2,6,0,11,0,5,1,89,7,3,1,1,76.80416704709397,14.783669397643616
33.47975,SK 1353,0,0,0,0,0,0,2,4,7,0,2,5,0,6,0,4,1,6,1,1,1,1,0.0,24.5569186694676
33.002251,SK 1355,0,0,0,0,0,0,0,1,3,0,0,2,0,10,0,1,1,89,6,2,1,1,91.90160426827872,7.138864941902948
35.148301,SK 1357,0,0,0,0,0,0,1,2,3,0,1,1,0,3,0,0,1,31,5,2,1,1,85.52682668920812,12.781226425129857
35.836265,SK 1358,0,0,0,0,0,0,0,3,6,0,3,1,1,3,0,1,1,9,1,1,1,1,0.0,24.958043688034348
38.582184,SK 1359,0,0,0,0,0,0,0,0,0,0,0,0,0,0,0,0,1,3,1,1,1,1,0.0,0.0
33.506329,SK 1360,0,0,0,0,0,0,2,4,5,0,2,3,0,3,0,0,1,9,3,2,1,1,71.67332054378895,11.987537239020416
30.656143,SK 1361,0,0,0,0,0,0,1,1,1,0,1,1,1,1,0,1,1,19,2,1,1,1,71.0350505663102,10.233875690733557
41.935931,SK 1362,0,0,0,0,0,0,0,1,2,0,1,0,0,0,0,0,1,34,1,1,1,1,63.82450494950773,9.182837878896851
35.749088,SK 1363,0,0,0,0,0,0,0,0,0,0,0,0,0,1,0,1,0,30,0,0,0,0,0.0,1.5266398991140908
40.620885,SK 1364,0,0,0,0,0,0,0,0,0,0,0,2,1,5,0,2,1,3,1,1,1,1,0.0,4.592190581382526
33.429365,SK 1365,0,0,0,0,0,0,0,2,5,0,2,0,0,5,0,0,1,9,3,1,1,1,78.79511420061878,21.68675986623281
34.934822,SK 1367,0,0,0,0,0,0,0,1,2,0,1,0,0,0,0,0,1,10,1,1,1,1,0.0,12.4501398724377
35.587982,SK 1371,0,0,0,0,0,0,0,1,2,0,2,1,1,1,1,1,1,3,1,1,1,1,0.0,8.958793878093987
30.603812,SK 1373,0,0,0,0,0,0,0,0,0,0,0,0,0,0,0,0,1,19,1,1,1,1,60.30217328235614,0.0
29.563289,SK 1377,0,0,0,0,0,0,0,0,1,0,0,0,0,0,0,0,1,16,1,1,1,1,73.0100048466326,1.3966195267222996
32.410973,SK 1378,0,0,0,0,0,0,0,1,1,0,1,0,0,0,0,0,1,5,1,1,1,1,0.0,6.396673307583916
36.189558,SK 1379,0,0,0,0,0,0,0,1,1,0,1,0,0,0,0,0,1,22,2,1,1,1,73.97404535168751,7.39713615785181
34.089709,SK 1382,0,0,0,0,0,0,0,2,2,0,2,0,0,0,0,0,1,7,1,1,1,1,74.37735640165747,15.243629305774483
33.105244,SK 1383,0,0,0,0,0,0,0,0,1,0,1,0,0,0,0,1,1,4,1,1,1,1,0.0,12.54178588476569
32.552791,SK 1385,0,0,0,0,0,0,1,1,2,1,1,0,0,0,0,0,1,5,1,1,1,1,57.06148157763912,1.9276114754206637
39.75802,SK 1386,0,0,0,0,0,0,0,0,0,0,0,0,0,0,0,0,1,5,2,1,1,1,56.53274830819949,0.0
27.247871,SK 1387,0,0,0,0,0,0,2,2,4,0,3,1,0,1,0,1,0,3,0,0,0,0,0.0,27.804060784685497
34.030019,SK 1388,0,0,0,0,0,0,0,0,2,0,0,0,0,0,0,0,1,76,2,1,1,1,73.8578909753308,2.7169088897040488
41.560267,SK 1389,0,0,0,0,0,0,0,1,1,0,1,0,0,0,0,0,0,2,1,0,0,0,44.36493375603548,6.779326387222582
31.699685,SK 1390,0,0,0,0,0,0,0,0,0,0,0,0,0,0,0,0,0,2,0,0,0,0,0.0,0.0
26.008324,SK 1392,0,0,0,0,0,0,1,1,4,1,2,2,0,2,0,1,1,44,4,1,1,1,84.74170741861658,4.791638242510398
30.345716,SK 1395,0,0,0,0,0,0,0,0,0,0,0,1,1,2,1,2,1,18,1,1,1,1,26.28936722218304,2.474619099030126
35.261964,SK 1397,0,0,0,0,0,0,0,0,0,0,0,1,1,1,0,1,1,31,2,1,1,1,57.36654448118319,3.099303356970545
30.165877,SK 1399,0,0,0,0,0,0,0,0,1,0,0,0,0,3,0,0,1,18,2,1,1,1,50.0640536353163,5.363361381909982
30.441637,SK 1400,0,0,0,0,0,0,0,0,0,0,0,0,0,0,0,0,1,5,2,1,1,1,71.01777122998278,0.0
32.41529,SK 1403,0,0,0,0,0,0,0,1,1,0,1,1,1,1,0,1,1,89,1,1,1,1,0.0,6.838504725436192
40.092823,SK 1408,0,0,0,0,0,0,0,1,1,0,1,0,0,0,0,0,1,5,2,2,1,1,60.955195441271485,11.151449277932144
30.108835,SK 1409,0,0,0,0,0,0,0,0,1,0,0,0,0,1,0,0,1,6,3,1,1,1,79.18751834891582,3.25336948503135
32.805513,SK 1410,0,0,0,0,0,0,1,1,2,0,2,1,0,4,0,1,1,4,1,1,1,1,35.32707526194294,19.75246428523753
38.78425,SK 1415,0,0,0,0,0,0,0,0,1,0,0,0,0,0,0,0,1,38,5,4,1,1,87.95799166002789,0.1551790586692779
31.160878,SK 1416,0,0,0,0,0,0,0,0,0,0,0,0,0,0,0,0,1,16,1,1,1,1,25.1758048686216,0.0
39.95882,SK 1417,0,0,0,0,0,0,0,1,1,0,0,3,1,3,0,3,1,9,2,2,1,1,78.44419948262879,11.438712757040951
37.134406,SK 1419,0,0,0,0,0,0,1,2,2,0,2,1,0,1,0,1,1,1,1,1,1,1,0.0,13.57180316402874
39.650873,SK 1420,0,0,0,0,0,0,0,0,0,0,0,2,1,2,0,2,1,3,1,1,1,1,0.0,2.6609322173459566
41.24822,SK 1421,0,0,0,0,0,0,0,0,0,0,0,2,0,3,0,2,1,4,2,1,1,1,51.22153741618848,9.3513719929289
30.560933,SK 1422,0,0,0,0,0,0,0,0,0,0,0,0,0,0,0,0,1,18,3,1,1,1,73.10080931297792,2.206645569362536
32.186844,SK 1423,0,0,0,0,0,0,0,0,0,0,0,1,0,4,0,1,1,3,1,1,1,1,40.019056097670415,3.5113096098268515
30.268591,SK 1427,0,0,0,0,0,0,0,0,0,0,0,0,0,0,0,0,1,57,4,4,1,2,99.29499709106696,0.0
33.082301,SK 1429,0,0,0,0,0,0,0,1,1,0,1,0,0,0,0,0,1,5,1,1,1,1,0.0,4.989162935593346
34.691326,SK 1430,0,0,0,0,0,0,0,0,2,0,0,0,0,1,0,0,1,3,2,1,1,1,53.33213213893354,9.165640818306557
33.513759,SK 1432,0,0,0,0,0,0,1,1,2,0,1,0,0,1,0,0,0,75,2,0,0,0,88.19996280397082,9.324205612763784
33.17551,SK 1433,0,0,0,0,0,0,0,0,0,0,0,0,0,0,0,0,1,89,1,1,1,1,35.238030748916096,0.0
33.095948,SK 1434,0,0,0,0,0,0,0,0,0,0,0,0,0,0,0,0,1,89,1,1,1,1,0.0,0.0
36.200401,SK 1435,0,0,0,0,0,0,0,1,1,0,0,0,0,2,0,0,1,22,2,1,1,1,76.25695496328817,4.119389972363576
27.713395,SK 1436,0,0,0,0,0,0,1,2,2,0,2,0,0,1,0,0,1,3,2,2,1,1,66.05205920436525,12.992575831101318
35.514892,SK 1438,0,0,0,0,0,0,1,1,2,0,1,1,0,1,0,1,1,10,1,1,1,1,0.0,13.823628178155882
32.478714,SK 1439,0,0,0,0,0,0,0,0,1,0,0,1,0,1,0,0,1,6,3,2,1,1,89.50167496400422,1.2878175796323557
32.507333,SK 1440,0,0,0,0,0,0,0,0,1,0,0,1,0,1,0,1,0,5,2,2,0,0,87.7728023759411,3.5729541368278523
33.724333,SK 1441,0,0,0,0,0,0,0,0,0,0,0,1,1,1,0,1,1,76,1,1,1,1,0.0,2.698262131760361
32.894368,SK 1444,0,0,0,0,0,0,1,1,4,0,1,0,0,2,0,0,1,89,6,2,1,1,88.1400014677356,9.670003464115576
39.988923,SK 1446,0,0,0,0,0,0,0,0,1,0,0,2,0,4,0,1,1,12,1,1,1,1,0.0,5.752857992323794
38.816776,SK 1447,0,0,0,0,0,0,0,1,1,0,1,1,0,1,0,1,1,26,1,1,1,1,29.09508202627918,9.098029852875506
33.831929,SK 1448,0,0,0,0,0,0,0,0,0,0,0,0,0,0,0,0,1,76,2,1,1,1,74.42484946471659,1.9558227794598448
35.064994,SK 1449,0,0,0,0,0,0,1,2,3,1,2,2,2,2,0,3,1,9,1,1,1,1,41.82255477664521,18.094377836580765
29.67355,SK 1450,0,0,0,0,0,0,1,2,3,1,1,1,0,2,0,1,1,2,2,1,1,1,55.45756814109414,8.026173903742682
30.313986,SK 1452,0,0,0,0,0,0,0,0,0,0,0,0,0,0,0,0,1,57,1,1,1,1,0.0,0.0
32.608527,SK 1454,0,0,0,0,0,0,0,1,3,0,1,0,0,0,0,0,1,6,2,1,1,1,61.31886577677791,16.24117252911338
32.906337,SK 1455,0,0,0,0,0,0,1,1,1,0,1,2,1,3,0,1,1,89,3,3,1,2,83.40827702411872,7.792075681104617
40.52913,SK 1457,0,0,0,0,0,0,0,0,0,0,0,0,0,3,0,0,1,25,1,1,1,1,65.24376117075259,0.7658630613808076
35.820777,SK 1459,0,0,0,0,0,0,0,1,1,0,1,1,0,1,0,1,1,1,1,1,1,1,0.0,6.260942719959078
28.811512,SK 1460,0,0,0,0,0,0,0,1,1,0,1,0,0,0,0,0,0,0,0,0,0,0,0.0,8.156106395335172
30.400408,SK 1461,0,0,0,0,0,0,0,0,0,0,0,1,0,3,0,0,1,18,2,1,0,1,98.29360613807562,2.3796796564374856
27.840922,SK 1462,0,0,0,0,0,0,1,1,2,0,1,1,0,1,0,1,1,32,2,2,1,1,71.79631689871172,7.42143794270091
28.985178,SK 1463,0,0,0,0,0,0,1,1,2,1,2,0,0,0,0,0,0,9,0,0,0,0,0.0,2.8877650283823173
30.460742,SK 1465,0,0,0,0,0,0,0,0,0,0,0,0,0,0,0,0,1,24,3,2,1,1,97.78527280183236,0.0
33.409023,SK 1466,0,0,0,0,0,0,1,1,2,1,1,0,0,1,0,0,1,76,2,1,1,1,88.033643564143,4.72246231602417
33.020369,SK 1468,0,0,0,0,0,0,1,1,1,0,1,1,0,3,0,0,1,89,7,2,1,1,71.32375829755325,10.012835076654492
41.601759,SK 1469,0,0,0,0,0,0,0,0,1,0,0,0,0,0,0,0,1,3,2,1,1,1,36.469592715140095,2.343617965474297
37.730568,SK 1470,0,0,0,0,0,0,0,0,0,0,0,0,0,0,0,0,1,3,1,1,1,1,0.0,0.0
26.26156,SK 1472,0,0,0,0,0,0,1,3,5,0,2,2,2,3,0,2,1,44,3,2,1,1,82.68919159680874,15.442006314677313
36.511504,SK 1475,0,0,0,0,0,0,0,1,1,0,1,0,0,0,0,0,1,22,1,1,1,1,52.51325525412438,7.274795828345765
33.925925,SK 1479,0,0,0,0,0,0,0,0,1,0,0,0,0,1,0,0,1,76,3,1,1,1,89.82688279220118,0.9397337931314323
41.294564,SK 1481,0,0,0,0,0,0,0,0,0,0,0,1,1,2,1,1,1,4,2,1,1,1,78.95988356906321,1.2376961456009257
36.948537,SK 1482,0,0,0,0,0,0,1,1,1,0,1,1,0,2,0,1,1,2,2,2,1,1,60.12383124446084,8.959555923114522
27.444764,SK 1484,0,0,0,0,0,0,0,0,3,0,1,0,0,1,0,0,1,32,3,1,1,1,76.47447776185258,4.23322431817713
31.089568,SK 1485,0,0,0,0,0,0,0,1,2,0,1,0,0,2,0,0,1,6,2,1,1,1,52.49675692425733,9.867522537452246
35.082682,SK 1486,0,0,0,0,0,0,0,0,0,0,0,0,0,0,0,0,1,6,1,1,1,1,72.68181824996272,1.2734086320061075
39.968336,SK 1488,0,0,0,0,0,0,1,1,2,0,1,3,0,5,0,3,1,18,1,1,1,1,34.758543123452604,17.29460923685336
34.123919,SK 1489,0,0,0,0,0,0,1,1,2,0,1,0,0,0,0,0,1,7,2,1,1,1,75.59137109827464,9.403749475567905
39.142047,SK 1490,0,0,0,0,0,0,0,0,0,0,0,0,0,0,0,0,1,5,1,1,1,1,0.0,0.0
39.80235,SK 1491,0,0,0,0,0,0,1,1,1,0,1,0,0,0,0,0,1,1,1,1,1,1,0.0,6.224160391647821
30.584935,SK 1493,0,0,0,0,0,0,0,0,2,0,0,1,1,3,1,1,1,6,2,2,1,1,58.9822279121193,0.4754783604280648
38.571948,SK 1495,0,0,0,0,0,0,0,0,0,0,0,0,0,0,0,0,1,38,3,1,1,1,84.62761012788549,0.0
32.856917,SK 1497,0,0,0,0,0,0,0,1,1,0,1,2,1,5,0,1,1,89,5,2,1,1,89.64938633232146,9.281983674237908
27.785526,SK 1498,0,0,0,0,0,0,1,2,4,1,2,0,0,0,0,0,1,32,1,1,1,1,71.66386133666221,8.44137172636589
34.735557,SK 1499,0,0,0,0,0,0,0,0,0,0,0,0,0,0,0,0,1,3,1,1,1,1,0.0,0.0
29.049046,SK 1500,0,0,0,0,0,0,0,0,0,0,0,0,0,0,0,0,1,88,1,1,1,1,0.0,0.0
41.341322,SK 1501,0,0,0,0,0,0,0,0,0,0,0,1,0,1,0,1,1,5,1,1,1,1,0.0,0.0
32.59365,SK 1502,0,0,0,0,0,0,0,0,0,0,0,0,0,1,0,0,1,89,2,1,1,1,72.00035475702842,1.0840409713672945
30.519353,SK 1504,0,0,0,0,0,0,0,0,0,0,0,0,0,0,0,0,1,18,5,1,1,1,88.59084520977993,1.0116634979143102
39.957578,SK 1505,0,0,0,0,0,0,1,1,1,0,1,3,2,3,1,3,1,9,2,2,1,1,86.08336783112826,15.389447476825946
33.94937,SK 1506,0,0,0,0,0,0,0,1,2,0,1,1,0,1,0,1,1,76,4,1,1,1,84.98474750735637,6.695509900266333
35.319733,SK 1507,0,0,0,0,0,0,0,0,0,0,0,0,0,0,0,0,1,31,2,1,1,1,80.20127738717036,1.4190706532129376
30.014652,SK 1508,0,0,0,0,0,0,0,0,1,0,0,1,0,2,0,1,1,88,5,3,1,1,100.0,1.263499919846419
29.516656,SK 1509,0,0,0,0,0,0,0,2,3,0,2,1,0,2,0,0,1,16,3,2,1,1,85.34485925206494,10.88095652210736
39.549194,SK 1510,0,0,0,0,0,0,2,2,2,1,2,1,0,4,0,1,1,7,1,1,1,1,0.0,11.279561249432868
38.979946,SK 1511,0,0,0,0,0,0,1,1,1,0,1,3,2,5,0,4,0,18,0,0,0,0,27.397514984900337,15.312401008159396
41.747391,SK 1514,0,0,0,0,0,0,1,1,1,1,1,0,0,0,0,0,1,3,1,1,1,1,0.0,0.0
41.470261,SK 1516,0,0,0,0,0,0,0,0,1,0,0,0,0,1,0,0,0,33,1,0,0,0,77.94580553629974,1.4229389727431792
29.807303,SK 1518,0,0,0,0,0,0,0,0,0,0,0,0,0,0,0,0,1,88,1,1,1,1,13.683958993309162,0.0
39.093818,SK 1519,0,0,0,0,0,0,1,1,2,0,1,2,0,3,0,2,1,26,1,1,1,1,56.85199375480134,13.369541984528672
39.191847,SK 1521,0,0,0,0,0,0,0,0,0,0,0,0,0,0,0,0,1,1,1,1,1,1,0.0,0.0
41.178751,SK 1522,0,0,0,0,0,0,0,0,0,0,0,0,0,0,0,0,1,4,3,1,1,1,80.79797277016513,0.0
32.529096,SK 1523,0,0,0,0,0,0,0,2,2,0,1,0,0,0,0,0,1,6,2,2,1,1,82.82310685297057,7.000318196670755
35.101916,SK 1525,0,0,0,0,0,0,0,1,3,0,1,0,0,0,0,0,1,15,6,2,1,1,87.44066826745626,6.665422951065836
36.122919,SK 1526,0,0,0,0,0,0,0,1,3,0,1,0,0,0,0,0,1,4,1,1,1,1,51.21137634292058,11.566832564195888
38.794913,SK 1527,0,0,0,0,0,0,0,0,0,0,0,0,0,0,0,0,1,38,1,1,1,1,53.8126385038882,0.0
41.596077,SK 1528,0,0,0,0,0,0,0,0,0,0,0,2,0,3,0,2,1,25,2,1,1,1,72.83183453097894,3.862239004690045
38.795193,SK 1529,0,0,0,0,0,0,0,0,0,0,0,1,0,1,0,1,1,38,1,1,1,1,26.04140272051629,1.828391303341968
38.916789,SK 1534,0,0,0,0,0,0,1,7,10,0,1,7,2,9,0,3,2,26,7,6,1,3,96.18879566997704,10.570003195686583
32.996408,SK 1535,0,0,0,0,0,0,0,1,3,0,0,2,1,8,0,1,1,89,8,3,1,1,84.02903194187058,6.263765156253073
32.647809,SK 1536,0,0,0,0,0,0,0,0,0,0,0,2,0,2,0,2,1,89,2,1,1,1,82.4007389431617,3.611322037745559
32.845847,SK 1537,0,0,0,0,0,0,0,3,3,0,0,7,1,17,0,3,1,89,8,5,1,2,86.93736234421209,18.7066867057267
38.929676,SK 1539,0,0,0,0,0,0,1,2,7,0,2,1,0,4,0,0,1,26,2,2,1,1,54.03374847503921,18.28616145086485
39.24441,SK 1540,0,0,0,0,0,0,0,0,0,0,0,0,0,0,0,0,1,16,2,2,1,2,75.55511624432985,0.0
30.391055,SK 1541,0,0,0,0,0,0,0,0,0,0,0,4,1,7,0,3,1,18,3,1,1,1,82.9656741278182,9.82501939871255
32.321257,SK 1543,0,0,0,0,0,0,0,0,1,0,0,0,0,1,0,0,1,3,1,1,1,1,0.0,3.029319648362382
40.693012,SK 1544,0,0,0,0,0,0,0,1,5,0,0,29,3,55,0,4,1,25,1,1,1,1,0.0,9.10682043273346
41.541175,SK 1546,0,0,0,0,0,0,0,0,3,0,0,1,0,1,0,1,1,34,2,1,1,1,87.51377478104601,8.848624073378247
39.414253,SK 1547,0,0,0,0,0,0,0,0,0,0,0,2,2,2,0,2,1,7,1,1,1,1,0.0,4.433157668891645
29.351013,SK 1549,0,0,0,0,0,0,0,0,0,0,0,0,0,0,0,0,1,16,1,1,1,1,0.0,0.0
38.82113,SK 1551,0,0,0,0,0,0,0,0,0,0,0,0,0,0,0,0,1,38,4,2,1,1,90.23049858848437,0.0
33.585209,SK 1552,0,0,0,0,0,0,0,0,1,0,0,0,0,5,0,0,1,76,2,1,1,1,77.2480989841705,4.86325993486716
33.21791,SK 1554,0,0,0,0,0,0,1,3,3,0,3,1,1,1,1,1,0,88,1,0,0,0,75.22266389298595,17.11179543747968
41.147731,SK 1555,0,0,0,0,0,0,1,1,2,1,1,1,0,3,0,2,1,8,1,1,1,1,0.0,12.339021166976464
35.915456,SK 1556,0,0,0,0,0,0,0,2,2,0,0,3,1,3,0,2,1,22,3,2,1,1,90.03993693623048,13.635677900709393
36.212227,SK 1557,0,0,0,0,0,0,0,0,0,0,0,0,0,0,0,0,1,22,1,1,1,1,15.980750743903815,0.0737828641108234
32.983951,SK 1558,0,0,0,0,0,0,0,1,2,0,0,2,0,6,0,1,1,89,6,2,1,1,89.04809317321316,7.064040505089417
35.221884,SK 1561,0,0,0,0,0,0,0,0,0,0,0,0,0,2,0,0,1,31,2,1,1,1,72.98888588099686,2.412617773960913
35.751437,SK 1563,0,0,0,0,0,0,0,0,0,0,0,0,0,0,0,0,1,31,1,1,1,1,0.0,0.0
27.297612,SK 1564,0,0,0,0,0,0,0,1,1,0,0,0,0,0,0,0,1,32,3,2,1,1,85.29631325680208,4.48171282835142
38.853018,SK 1565,0,0,0,0,0,0,0,2,2,0,2,0,0,0,0,0,1,16,2,1,1,1,52.755421341766365,11.46118904662401
27.865775,SK 1567,0,0,0,0,0,0,0,1,2,0,1,1,1,1,1,1,1,32,2,1,1,1,56.02054547180075,5.388611500378981
35.372501,SK 1568,0,0,0,0,0,0,1,2,3,0,1,3,2,4,0,2,1,31,5,2,1,1,89.01775030890853,18.306477886919797
35.144095,SK 1570,0,0,0,0,0,0,0,2,3,0,1,4,1,4,1,2,1,31,4,2,1,1,71.99688485115144,5.276793263016039
38.951816,SK 1571,0,0,0,0,0,0,0,2,2,0,2,0,0,0,0,0,1,3,2,2,1,1,56.13379078854307,9.927681784816995
34.953128,SK 1572,0,0,0,0,0,0,0,0,0,0,0,0,0,0,0,0,1,6,1,1,1,1,79.96184880764713,0.2594815648326996
29.540155,SK 1575,0,0,0,0,0,0,1,1,2,0,1,2,1,2,0,2,1,88,4,1,1,1,92.51534336209023,15.142075185116015
31.238785,SK 1576,0,0,0,0,0,0,0,1,1,0,0,0,0,0,0,0,1,2,2,2,1,1,67.19345830530821,8.882735331470405
41.519696,SK 1578,0,0,0,0,0,0,0,0,0,0,0,2,1,4,0,3,0,7,0,0,0,0,0.0,7.077555482131831
26.452508,SK 1579,0,0,0,0,0,0,1,2,2,0,2,1,0,1,0,1,1,6,1,1,1,1,0.0,15.26269514912006
38.610531,SK 1583,0,0,0,0,0,0,0,0,3,0,0,3,1,4,0,2,1,38,7,2,1,1,87.12212383618747,5.797920846529401
40.52385,SK 1585,0,0,0,0,0,0,0,0,1,0,0,3,0,5,0,2,1,7,2,1,1,1,50.12253955022432,4.782407207364527
35.962986,SK 1587,0,0,0,0,0,0,0,0,2,0,2,1,0,5,0,2,1,9,2,1,1,1,59.06329566622812,21.585610841740905
39.019486,SK 1589,0,0,0,0,0,0,1,1,1,0,1,0,0,0,0,0,1,16,1,1,1,1,37.08717519969481,7.596863281035781
39.047804,SK 1590,0,0,0,0,0,0,0,0,0,0,0,0,0,0,0,0,1,16,2,2,1,1,84.00438876804161,4.023563393453941
35.035685,SK 1595,0,0,0,0,0,0,0,0,0,0,0,1,0,2,0,2,1,6,1,1,1,1,40.411470973525205,3.917460844977688
30.009078,SK 1597,0,0,0,0,0,0,0,1,1,0,1,0,0,0,0,0,1,18,1,1,1,1,0.0,5.939384430764459
31.204876,SK 1603,0,0,0,0,0,0,0,1,1,0,1,0,0,0,0,0,1,16,1,1,1,1,39.580932792543805,6.329324752310422
33.943708,SK 1606,0,0,0,0,0,0,0,0,0,0,0,0,0,0,0,0,0,75,0,0,0,0,24.712566072377907,0.7147464638179424
29.801259,SK 1607,0,0,0,0,0,0,0,0,0,0,0,0,0,0,0,0,1,57,1,1,1,1,0.0,0.0
39.803624,SK 1612,0,0,0,0,0,0,0,0,0,0,0,0,0,0,0,0,1,5,2,1,1,1,44.166233602482485,0.0
35.407146,SK 1613,0,0,0,0,0,0,0,0,0,0,0,2,0,4,0,0,1,31,3,2,1,1,84.05451073914966,3.1693839135536903
35.167034,SK 1614,0,0,0,0,0,0,2,2,4,1,2,2,1,4,0,1,1,31,3,2,1,1,69.01976769242214,13.888256632427732
32.72088,SK 1616,0,0,0,0,0,0,0,1,1,0,0,1,0,1,0,1,1,89,4,3,1,1,86.27119119914947,2.6223579551452656
36.282681,SK 1617,0,0,0,0,0,0,0,2,2,0,2,0,0,0,0,0,0,3,1,0,0,0,79.1989272236401,10.708675931403944
39.337509,SK 1618,0,0,0,0,0,0,0,0,1,0,0,0,0,0,0,0,1,9,1,1,1,1,46.120498020923634,0.5246503900479144
33.722933,SK 1621,0,0,0,0,0,0,0,0,0,0,0,0,0,1,0,0,1,76,2,1,1,1,84.05240754427108,1.4914821363959654
37.066067,SK 1622,0,0,0,0,0,0,0,2,2,0,3,0,0,0,0,0,1,1,1,1,1,1,0.0,19.757223333877448
32.751936,SK 1627,0,0,0,0,0,0,0,0,3,0,0,6,2,8,0,2,1,89,5,3,1,1,84.46925192755985,11.712927942416226
33.025718,SK 1631,0,0,0,0,0,0,0,0,1,0,1,0,0,0,0,0,1,89,1,1,1,1,45.00397920842962,8.378045324288184
34.003762,SK 1632,0,0,0,0,0,0,1,1,1,0,1,2,2,2,1,2,1,7,1,1,1,1,35.95918649859469,10.94754636549122
38.539273,SK 1634,0,0,0,0,0,0,0,0,0,0,0,0,0,0,0,0,0,37,0,0,0,0,0.0,0.0
32.431881,SK 1636,0,0,0,0,0,0,0,1,1,0,1,0,0,0,0,0,1,1,1,1,1,1,0.0,5.60160302296062
39.958939,SK 1637,0,0,0,0,0,0,1,1,3,0,2,0,0,1,0,1,1,7,1,1,1,1,0.0,18.48869973617229
27.87079,SK 1639,0,0,0,0,0,0,0,1,4,0,0,0,0,1,0,0,1,32,3,2,1,1,81.93331257618048,9.086328356088677
29.537217,SK 1640,0,0,0,0,0,0,1,2,2,0,1,0,0,0,0,0,1,88,2,2,1,1,76.16999769136798,9.83798910009765
29.664634,SK 1641,0,0,0,0,0,0,0,0,0,0,0,0,0,0,0,0,1,88,3,2,1,1,84.80305803502628,0.0
39.402602,SK 1642,0,0,0,0,0,0,1,1,1,0,1,1,1,1,1,1,1,19,1,1,1,1,15.042319458155852,7.912072277892784
29.489292,SK 1643,0,0,0,0,0,0,0,2,3,0,2,2,0,2,0,2,1,16,3,2,1,1,80.3677901959028,9.729720887215946
29.784404,SK 1645,0,0,0,0,0,0,0,0,2,0,0,1,0,2,0,0,1,88,4,3,1,1,81.43115401505769,7.580691153455739
32.832878,SK 1650,0,0,0,0,0,0,0,0,2,0,0,1,0,6,0,1,1,89,4,1,1,1,89.95975875951078,4.67506493995646
32.676341,SK 1652,0,0,0,0,0,0,0,0,3,0,0,0,0,2,0,0,1,89,2,1,1,1,71.69590840588356,4.642445966593264
40.043513,SK 1653,0,0,0,0,0,0,0,1,1,0,1,0,0,2,0,0,1,9,2,2,1,1,84.3947984513747,7.405386397417178
39.853719,SK 1654,0,0,0,0,0,0,0,0,0,0,0,0,0,0,0,0,1,9,1,1,1,1,48.66300123910853,0.4812357503794548
27.839693,SK 1656,0,0,0,0,0,0,0,2,5,0,2,0,0,1,0,0,1,32,4,1,1,1,81.93813209815474,15.791160267735952
39.313273,SK 1657,0,0,0,0,0,0,1,2,4,0,2,2,1,7,1,2,1,19,1,1,1,1,36.80243173209923,19.049515989213354
38.971961,SK 1658,0,0,0,0,0,0,0,0,1,0,0,0,0,0,0,0,1,16,1,1,1,1,0.0,7.829758574817431
41.771462,SK 1659,0,0,0,0,0,0,0,0,3,0,0,1,1,2,1,1,1,34,3,1,1,1,77.99063955686186,3.336999477504235
29.706157,SK 1660,0,0,0,0,0,0,0,1,1,0,0,3,2,6,0,2,0,87,9,4,0,1,95.22212252692644,6.225511563463825
35.663716,SK 1662,0,0,0,0,0,0,0,1,2,0,3,0,0,0,0,0,1,9,1,1,1,1,27.87589300540285,15.263753610638496
26.317399,SK 1664,0,0,0,0,0,0,0,2,6,0,1,1,0,7,0,1,1,44,5,1,1,1,84.60278809357018,12.859960993846766
39.561123,SK 1666,0,0,0,0,0,0,0,1,1,0,0,3,1,4,1,1,1,19,2,2,1,1,68.4918078225553,3.803200729172023
30.376276,SK 1667,0,0,0,0,0,0,0,0,1,0,0,1,0,1,0,1,1,2,1,1,1,1,32.09256875056145,5.12966015180336
34.902438,SK 1668,0,0,0,0,0,0,0,0,1,0,0,0,0,0,0,0,1,10,1,1,1,1,74.92343567621113,6.680147852660783
30.50504,SK 1669,0,0,0,0,0,0,0,2,2,0,1,0,0,0,0,0,1,18,3,2,1,1,83.01313614097484,7.332757631328936
39.935433,SK 1670,0,0,0,0,0,0,1,1,1,0,1,0,0,0,0,0,1,1,1,1,1,1,0.0,9.91850376689859
34.784043,SK 1673,0,0,0,0,0,0,0,0,0,0,0,0,0,0,0,0,1,3,1,1,1,1,0.0,0.0
35.205293,SK 1674,0,0,0,0,0,0,0,0,1,0,0,0,0,0,0,0,1,15,2,1,1,1,76.17667863731135,0.4588596591138346
35.268108,SK 1675,0,0,0,0,0,0,0,0,0,0,0,0,0,0,0,0,1,15,1,1,1,1,53.95284420118701,0.0
35.893429,SK 1676,0,0,0,0,0,0,1,1,2,0,1,3,1,3,0,3,1,6,2,1,1,1,49.811915871271175,18.94019128543591
40.362616,SK 1680,0,0,0,0,0,0,0,0,0,0,0,0,0,3,0,2,1,25,2,1,1,1,48.07918576394209,1.419488350739472
38.900424,SK 1684,0,0,0,0,0,0,3,6,10,0,3,7,1,8,0,2,2,26,7,6,1,2,96.84999273056631,23.625203225118486
29.63042,SK 1686,0,0,0,0,0,0,0,0,0,0,0,0,0,0,0,0,1,57,2,2,1,1,80.08505519252586,0.0
32.928509,SK 1687,0,0,0,0,0,0,0,0,1,0,0,4,0,9,0,3,1,89,4,2,1,1,91.19062258058013,3.811939388726671
30.41693,SK 1690,0,0,0,0,0,0,1,3,3,0,3,0,0,0,0,0,1,19,1,1,1,1,0.0,25.587970143452097
33.550809,SK 1691,0,0,0,0,0,0,0,0,2,0,0,0,0,0,0,0,0,75,2,0,0,0,74.68336209386554,3.987408119262234
40.000882,SK 1692,0,0,0,0,0,0,0,0,2,0,0,3,0,3,0,2,1,9,3,2,1,1,92.653986449541,14.565870352129163
33.997585,SK 1693,0,0,0,0,0,0,0,1,5,0,1,1,1,3,0,1,1,76,3,1,1,1,72.41042284635344,11.780064619275072
34.802879,SK 1700,0,0,0,0,0,0,0,2,5,0,3,0,0,0,0,0,1,1,1,1,1,1,0.0,25.302631657383408
40.646614,SK 1701,0,0,0,0,0,0,0,0,0,0,0,2,1,5,0,3,1,18,1,1,1,1,0.0,4.094635414894904
32.760689,SK 1704,0,0,0,0,0,0,1,1,1,0,1,1,0,1,0,0,1,89,3,2,1,1,80.63753618745027,5.974507463503452
38.516536,SK 1705,0,0,0,0,0,0,0,0,0,0,0,0,0,0,0,0,1,38,3,1,1,1,72.8913754118136,0.0
35.609915,SK 1706,0,0,0,0,0,0,0,2,4,0,1,1,0,3,0,1,1,4,2,1,1,1,60.34572742429036,18.253600358380645
29.889651,SK 1707,0,0,0,0,0,0,0,0,0,0,0,0,0,0,0,0,1,88,1,1,1,1,75.32671492406122,1.0960398483315514
32.072957,SK 1708,0,0,0,0,0,0,0,0,0,0,0,0,0,0,0,0,1,6,1,1,1,1,0.0,0.0
42.28081,SK 1709,0,0,0,0,0,0,0,3,5,0,4,0,0,0,0,0,1,11,1,1,1,1,0.0,29.021139097312343
35.122264,SK 1711,0,0,0,0,0,0,0,1,1,0,1,2,0,3,0,2,1,31,3,2,1,1,86.00907805273378,5.836760991651013
41.978621,SK 1712,0,0,0,0,0,0,0,0,0,0,0,1,1,1,0,1,1,25,1,1,1,1,0.0,2.1042330738147546
39.158007,SK 1719,0,0,0,0,0,0,1,1,1,1,1,2,1,4,1,2,1,9,1,1,1,1,69.3851194280094,3.887046745202438
32.221144,SK 1721,0,0,0,0,0,0,0,0,0,0,0,2,1,3,0,2,1,3,1,1,1,1,37.59889028920319,6.23184385069024
40.631995,SK 1727,0,0,0,0,0,0,0,0,1,0,0,2,0,5,0,2,1,25,3,1,1,1,84.22688016933985,4.539948724012612
29.736254,SK 1728,0,0,0,0,0,0,0,1,2,0,0,1,0,2,0,0,1,88,5,2,1,1,85.15251185539573,4.370750076900688
29.690326,SK 1729,0,0,0,0,0,0,1,1,4,1,2,1,0,2,0,0,1,88,2,2,1,1,100.0,14.849592873921743
32.907089,SK 1733,0,0,0,0,0,0,0,0,0,0,0,0,0,2,0,1,1,89,1,1,1,1,76.7283498252019,4.653659132674887
33.438264,SK 1735,0,0,0,0,0,0,0,0,0,0,0,0,0,0,0,0,1,4,1,1,1,1,0.0,1.855195664372104
33.545414,SK 1737,0,0,0,0,0,0,1,1,1,1,1,0,0,0,0,0,1,76,1,1,1,1,0.0,0.0
29.864282,SK 1740,0,0,0,0,0,0,0,0,2,0,0,0,0,2,0,0,1,88,4,1,1,1,85.79971845858444,0.7942912050085048
39.949888,SK 1742,0,0,0,0,0,0,1,1,1,0,1,0,0,0,0,0,1,9,1,1,1,1,0.0,12.2331170288262
30.012477,SK 1744,0,0,0,0,0,0,0,0,0,0,0,0,0,0,0,0,1,16,1,1,1,1,36.33663040696763,1.8530922405217205
39.521156,SK 1747,0,0,0,0,0,0,0,0,1,0,1,1,1,1,1,1,1,19,1,1,1,1,41.08340414279527,2.309911987418436
38.957331,SK 1748,0,0,0,0,0,0,0,2,3,0,2,0,0,0,0,0,1,16,2,1,1,1,81.29811868937162,14.658100830164909
42.281112,SK 1761,0,0,0,0,0,0,0,2,5,0,1,0,0,0,0,0,1,11,1,1,1,1,0.0,18.1766893617617
42.496706,SK 1765,0,0,0,0,0,0,0,3,5,0,3,0,0,0,0,0,1,11,1,1,1,1,0.0,20.41968644932234
32.748826,SK 1766,0,0,0,0,0,0,1,1,1,1,1,1,1,1,1,1,1,89,1,1,1,1,0.0,0.0
29.510681,SK 1769,0,0,0,0,0,0,0,0,1,0,0,0,0,1,0,0,0,15,2,0,0,0,90.10855810928436,0.8106407505190958
39.085043,SK 1770,0,0,0,0,0,0,0,0,1,0,0,1,1,1,1,1,1,9,2,1,1,1,43.93658890666358,0.7696789650669295
42.426492,SK 1772,0,0,0,0,0,0,1,2,5,1,1,0,0,1,0,0,1,11,2,1,1,1,72.75190063210843,6.915791574625868
42.228229,SK 1773,0,0,0,0,0,0,1,1,1,1,1,0,0,0,0,0,1,1,1,1,1,1,0.0,1.4550607478475248
38.438792,SK 1775,0,0,0,0,0,0,0,0,1,0,0,0,0,0,0,0,1,38,1,1,1,1,65.57308972528908,2.046268986096889
27.339477,SK 1777,0,0,0,0,0,0,1,1,3,0,1,0,0,0,0,0,1,32,4,2,1,1,84.04201214440036,12.09441272927903
42.368099,SK 1778,0,0,0,0,0,0,1,4,7,0,4,0,0,0,0,0,1,11,2,1,1,1,46.80581902096882,25.54583425152513
36.545546,SK 1780,0,0,0,0,0,0,0,0,0,0,0,0,0,0,0,0,1,1,1,1,1,1,0.0,0.0
29.831064,SK 1781,0,0,0,0,0,0,0,0,0,0,0,0,0,0,0,0,1,88,1,1,1,1,47.91778545352976,1.175034573487454
26.306979,SK 1782,0,0,0,0,0,0,0,1,2,0,1,3,1,4,0,2,1,44,4,1,1,1,72.4132145001777,8.123209106073782
40.153622,SK 1785,0,0,0,0,0,0,0,0,1,0,0,2,1,8,0,2,1,18,1,1,1,1,62.48307406545834,3.4115664947146698
37.731564,SK 1786,0,0,0,0,0,0,0,0,0,0,0,0,0,0,0,0,1,3,1,1,1,1,0.0,0.0
38.919025,SK 1787,0,0,0,0,0,0,0,0,0,0,0,0,0,0,0,0,1,38,1,1,1,1,0.0,0.0
29.651369,SK 1789,0,0,0,0,0,0,0,0,0,0,0,0,0,0,0,0,0,87,0,0,0,0,75.50136644570811,0.0
42.975327,SK 1793,0,0,0,0,0,0,0,1,2,0,2,0,0,0,0,0,1,1,1,1,1,1,0.0,14.197564859706064
29.714161,SK 1797,0,0,0,0,0,0,1,1,1,0,1,0,0,1,0,1,1,16,1,1,1,1,14.964264479302283,5.434168665735488
30.243003,SK 1801,0,0,0,0,0,0,0,1,1,0,1,0,0,0,0,0,0,5,1,0,0,0,86.61318768955886,11.129569752490571
30.041131,SK 1802,0,0,0,0,0,0,0,1,2,0,0,1,1,2,0,2,1,88,7,2,1,1,94.03812419600048,5.008728914642711
36.175508,SK 1804,0,0,0,0,0,0,1,1,1,1,1,0,0,0,0,0,1,4,1,1,1,1,83.46246119627179,3.3295844228751723
33.481135,SK 1805,0,0,0,0,0,0,1,1,1,1,2,0,0,0,0,0,1,2,1,1,1,1,43.389607841775536,5.742827924549463
41.700935,SK 1807,0,0,0,0,0,0,1,1,3,1,2,0,0,2,0,1,1,34,1,1,1,1,80.66319543222163,6.44072888532771
41.63618,SK 1812,0,0,0,0,0,0,0,0,3,0,0,0,0,0,0,0,1,34,1,1,1,1,79.79623724043033,7.729495352881731
29.564517,SK 1814,0,0,0,0,0,0,0,1,3,0,0,1,1,3,0,1,1,88,3,2,1,1,76.98836314518167,5.058456990324138
29.545022,SK 1818,0,0,0,0,0,0,1,1,1,0,1,0,0,1,0,0,1,88,2,1,1,1,90.76238959655656,8.4975978999499
33.602764,SK 1820,0,0,0,0,0,0,0,0,0,0,0,0,0,0,0,0,1,76,1,1,1,1,27.384450636396924,0.0
33.025166,SK 1821,0,0,0,0,0,0,1,2,3,0,1,3,0,5,0,0,1,89,7,3,1,1,96.81197483470852,11.585180189044973
41.606288,SK 1824,0,0,0,0,0,0,2,2,3,0,2,0,0,0,0,0,1,34,3,1,1,1,83.5126329041367,14.2428521985207
32.615677,SK 1826,0,0,0,0,0,0,0,1,2,0,1,0,0,0,0,0,0,4,0,0,0,0,47.97544250514476,8.640174151155326
38.751985,SK 1827,0,0,0,0,0,0,0,0,0,0,0,0,0,0,0,0,1,38,3,2,1,1,82.37937339982167,0.0
41.060691,SK 1833,0,0,0,0,0,0,0,0,0,0,0,0,0,0,0,0,1,4,1,1,1,1,47.89230725468083,0.0
29.508917,SK 1834,0,0,0,0,0,0,1,1,2,1,1,1,0,2,0,0,1,88,2,1,1,1,77.82176331589544,5.732291502708693
32.603891,SK 1836,0,0,0,0,0,0,0,0,0,0,0,1,0,2,0,0,1,89,3,1,1,1,82.82985667996469,0.8852952597813746
38.894114,SK 1838,0,0,0,0,0,0,1,2,3,0,1,0,0,1,0,1,1,3,1,1,1,1,0.0,13.221994720156763
35.464268,SK 1839,0,0,0,0,0,0,0,1,1,0,1,0,0,0,0,0,1,9,1,1,1,1,0.0,6.049305091279952
33.071513,SK 1842,0,0,0,0,0,0,1,1,3,1,1,2,2,3,0,2,1,89,3,2,1,1,88.5406023810986,7.671959357239004
41.50008,SK 1844,0,0,0,0,0,0,0,0,0,0,0,1,1,1,1,1,1,25,1,1,1,1,0.0,0.0
40.581716,SK 1846,0,0,0,0,0,0,0,0,0,0,0,0,0,0,0,0,1,12,1,1,1,1,0.0,0.0
40.01815,SK 1850,0,0,0,0,0,0,0,0,0,0,0,0,0,7,0,1,1,18,3,1,1,1,85.27263813053422,0.3833824546349162
31.886951,SK 1852,0,0,0,0,0,0,1,2,3,1,2,1,1,1,0,1,1,5,1,1,1,1,0.0,16.281694726370663
42.191029,SK 1854,0,0,0,0,0,0,0,0,3,0,1,0,0,0,0,0,1,11,2,1,1,1,65.27875588046828,5.832723090142393
42.517517,SK 1855,0,0,0,0,0,0,1,4,8,0,3,3,0,6,0,3,1,11,1,1,1,1,39.21876905721371,31.846794994387324
41.597158,SK 1856,0,0,0,0,0,0,1,1,1,0,1,0,0,0,0,0,1,34,1,1,1,1,49.57000501079293,9.423573148959685
33.381922,SK 1863,0,0,0,0,0,0,0,1,2,0,1,2,1,2,0,2,1,6,1,1,1,1,39.02032984382537,13.88396384345364
34.07834,SK 1867,0,0,0,0,0,0,1,1,3,0,0,0,0,2,0,0,1,76,2,1,1,1,73.60292118401945,11.247615615079637
39.60694,SK 1873,0,0,0,0,0,0,0,0,1,0,0,0,0,0,0,0,1,9,1,1,1,1,0.0,5.199467928121297
31.780497,SK 1874,0,0,0,0,0,0,0,0,1,0,1,1,0,1,0,1,1,5,1,1,1,1,67.9440999741327,18.158433397256537
40.089345,SK 1877,0,0,0,0,0,0,0,1,1,0,0,3,1,3,0,1,1,12,2,1,1,1,55.7353383795708,8.830989595983542
42.501766,SK 1885,0,0,0,0,0,0,1,2,4,0,1,2,0,4,0,1,1,11,1,1,1,1,34.88197765882216,16.760119668100277
40.564695,SK 1886,0,0,0,0,0,0,1,1,1,0,1,4,0,5,0,4,1,7,2,1,1,1,43.16238296987217,12.713579367868077
41.664739,SK 1888,0,0,0,0,0,0,0,1,1,0,0,0,0,2,0,1,1,5,1,1,1,1,0.0,5.353344062940087
26.190135,SK 1893,0,0,0,0,0,0,0,0,3,0,3,1,1,1,0,1,1,3,1,1,1,1,0.0,18.639868311995123
28.362499,SK 1899,0,0,0,0,0,0,0,1,2,0,0,0,0,0,0,0,1,10,1,1,1,1,0.0,16.982057208217007
41.42463,SK 1900,0,0,0,0,0,0,1,1,1,0,1,1,1,1,1,1,0,33,1,0,0,0,73.2326510378365,7.864827579407954
35.148539,SK 1901,0,0,0,0,0,0,0,0,1,0,0,0,0,1,0,0,1,15,6,3,1,1,88.92043581558694,1.3088281998506346
41.512934,SK 1904,0,0,0,0,0,0,0,1,1,0,1,0,0,0,0,0,1,34,1,1,1,1,67.76476773650124,8.457516580329273
30.737857,SK 1907,0,0,0,0,0,0,0,1,1,0,1,0,0,0,0,0,1,19,1,1,1,1,0.0,6.802686324182884
39.85348,SK 1909,0,0,0,0,0,0,0,0,0,0,0,1,1,6,0,1,1,18,4,1,1,1,81.48858442165734,1.2099155834755473
30.421131,SK 1911,0,0,0,0,0,0,0,2,2,0,1,3,0,3,0,0,0,23,6,2,0,0,89.21902687317963,11.223211031751385
39.980549,SK 1912,0,0,0,0,0,0,0,0,0,0,0,1,0,3,0,1,1,12,2,1,1,1,84.01270220383999,3.2033726254316424
30.04638,SK 1915,0,0,0,0,0,0,0,0,1,0,0,0,0,0,0,0,1,88,2,1,1,1,77.03218089615972,2.052799912821683
41.706802,SK 1917,0,0,0,0,0,0,0,0,0,0,0,1,0,2,0,2,1,8,1,1,1,1,36.67975762900998,3.027819964389417
41.536372,SK 1918,0,0,0,0,0,0,0,1,2,0,2,0,0,0,0,0,1,34,1,1,1,1,40.70031602567429,9.61033699745116
33.454553,SK 1923,0,0,0,0,0,0,0,0,0,0,0,0,0,0,0,0,1,1,1,1,1,1,0.0,0.0
30.853511,SK 1928,0,0,0,0,0,0,0,0,0,0,0,0,0,0,0,0,1,3,1,1,1,1,0.0,0.0
32.848092,SK 1929,0,0,0,0,0,0,0,0,2,0,0,2,0,2,0,0,1,89,6,2,1,1,86.79456812476371,2.4709762771477024
33.197426,SK 1930,0,0,0,0,0,0,1,1,1,0,1,2,1,2,1,1,1,9,3,2,1,1,86.15385459416264,7.83420798701504
33.922603,SK 1932,0,0,0,0,0,0,0,1,4,0,0,0,0,1,0,0,1,76,2,1,1,1,79.39162327330752,9.891154490017172
32.97365,SK 1939,0,0,0,0,0,0,0,0,0,0,0,1,1,4,1,1,1,89,6,2,1,1,86.15793173476457,0.5598342764070717
41.65107,SK 1940,0,0,0,0,0,0,0,0,2,0,2,1,0,2,0,1,0,7,0,0,0,0,45.45636389732283,11.808208413629238
34.156634,SK 1941,0,0,0,0,0,0,0,0,0,0,0,2,1,2,1,2,1,2,1,1,1,1,0.0,4.296071773206709
30.47474,SK 1942,0,0,0,0,0,0,0,5,9,0,2,1,0,2,0,0,1,3,2,2,1,1,67.39500100614853,28.79785464172148
42.140019,SK 1944,0,0,0,0,0,0,0,2,2,0,2,0,0,0,0,0,1,34,1,1,1,1,36.81246767229908,9.798445422372216
43.096477,SK 1945,0,0,0,0,0,0,0,1,2,0,1,0,0,0,0,0,1,1,1,1,1,1,0.0,12.372989271321169
41.809176,SK 1948,0,0,0,0,0,0,1,2,6,1,1,0,0,1,0,0,1,34,3,1,1,1,74.41015319376113,3.0066780428776285
41.567346,SK 1950,0,0,0,0,0,0,0,0,0,0,0,0,0,0,0,0,1,34,1,1,1,1,0.0,0.0
41.850739,SK 1952,0,0,0,0,0,0,0,0,2,0,0,0,0,1,0,0,1,34,2,2,1,1,51.15954142966224,1.9227194443551463
41.775617,SK 1959,0,0,0,0,0,0,0,2,5,0,1,0,0,0,0,0,1,34,2,2,1,1,54.50785264938107,9.28275925075888
29.816631,SK 1964,0,0,0,0,0,0,0,1,1,0,1,1,1,1,0,1,1,88,5,2,1,1,98.51755240462982,11.882306912001148
39.045005,SK 1985,0,0,0,0,0,0,0,0,0,0,0,0,0,0,0,0,1,16,2,2,1,1,60.66374127883008,1.0535042727830242
40.687128,SK 1990,0,0,0,0,0,0,0,0,0,0,0,3,0,6,0,1,1,25,3,1,1,1,82.26449029494405,3.47093868448758
39.979948,SK 2003,0,0,0,0,0,0,0,1,3,0,1,2,1,4,0,2,1,2,2,1,1,1,54.11079903276968,11.78093227489962
39.404722,SK 2005,0,0,0,0,0,0,1,1,3,1,1,2,0,6,0,2,1,19,3,2,1,1,77.19948399359953,3.5860243180898816
